X,Y,BURNCLAS,Tm,P,tree_genus
-137.281899024297,66.8540167650462,4.0,13.1,0.0,Pice
-132.664987913966,67.7808294916208,4.0,10.5,33.3,Pice
-134.437550001211,66.241071388991,4.0,8.4,95.9,Popu
-136.47859521273,65.6199272375705,4.0,13.1,0.0,Pice
-139.26734924961,64.3740348973587,4.0,9.8,20.5,Abie
-140.041212365847,63.493175289696,4.0,9.8,20.5,Pice
-132.656086931569,65.8597539419139,4.0,10.5,33.3,Popu
-132.506666715885,65.7523593489664,4.0,10.5,33.3,Popu
-138.576049617856,63.7336470166727,4.0,9.8,20.5,Popu
-128.280373059546,66.5117285660291,4.0,13.1,49.2,Pice
-127.806548986087,66.4466558736757,4.0,13.4,16.5,Pice
-136.306535206466,64.0911497336907,4.0,14.2,95.9,Pice
-130.736286094776,65.6336064395122,4.0,13.4,16.5,Pice
-131.172621403753,65.4879727556716,4.0,13.4,16.5,Pice
-138.774152972334,62.4946659226336,4.0,6.2,21.4,Pice
-126.218041287823,66.128481012568,4.0,9.9,9.3,Pice
-134.474750666117,63.0645935525023,4.0,14.2,95.9,Pinu
-123.900524123641,65.6844491677726,4.0,9.2,5.5,Pice
-123.095826412431,65.7901649247445,4.0,8.8,5.5,Pice
-135.97952616254,62.3197438290355,4.0,13.2,95.9,Pinu
-124.958656814502,64.886388513018,4.0,16.7,81.0,Popu
-135.043799780458,61.7221160053699,4.0,8.3,22.5,Pice
-125.166597621576,64.2670000650388,4.0,12.9,15.4,Popu
-119.058529912971,65.3810441775649,4.0,15.1,77.0,Pice
-116.507230435113,65.5423075299841,4.0,18.7,60.0,Pice
-116.024112874996,65.5932703379106,4.0,18.7,60.0,Pice
-130.645172978148,62.0952804022511,4.0,8.8,94.5,Pice
-121.637536372315,64.2226645207098,4.0,8.8,5.5,Pice
-118.751024858748,64.6486721909829,4.0,18.7,60.0,Pice
-116.334766507636,64.9187510301527,4.0,18.7,60.0,Pice
-120.478552562725,63.9470958616417,4.0,17.9,40.0,Pinu
-122.114007415904,63.5469413574233,4.0,14.6,81.4,Betu
-129.298100650634,59.6800961379895,4.0,13.3,93.0,Pinu
-116.553470348749,62.6151874639573,4.0,17.5,60.0,Pinu
-109.876043050054,63.0893871067862,4.0,16.6,31.1,Pice
-116.30787180402,62.1146487906177,4.0,12.4,60.0,Pice
-111.507440828328,62.8155899499486,4.0,16.5,55.2,Pice
-115.078974810782,62.1431791268971,4.0,18.2,60.0,Pinu
-115.213480041754,61.9020085346306,4.0,18.2,60.0,Pice
-108.941915947291,62.372612317218,4.0,16.6,31.1,Pice
-109.856136442645,62.2772836625333,4.0,16.0,43.0,Popu
-108.043913543948,62.4957821798286,4.0,16.6,31.1,Pice
-127.65693699699,58.8277320004903,4.0,12.3,100.3,Abie
-127.276038996699,58.8945049969677,4.0,12.3,100.3,Pice
-108.34299038905,62.3575833351242,4.0,16.6,31.1,Pice
-119.429318231316,60.5842150122687,4.0,11.7,63.2,Pinu
-109.203813779527,62.0861330701956,4.0,16.6,31.1,Pice
-111.106815244676,61.7253129617798,4.0,13.0,1.2,Pinu
-117.626402629006,60.6371423842694,4.0,18.2,95.4,Popu
-112.008601926966,61.526107911537,4.0,14.8,26.0,Pice
-111.777047275599,61.1524356235014,4.0,14.9,18.5,Pinu
-111.976981613134,61.0929607923333,4.0,14.8,26.0,Popu
-120.362727291863,59.5073105475744,4.0,14.3,13.8,Pice
-108.944458477823,61.2023690307501,4.0,11.4,43.1,Pinu
-112.317706347947,60.5985917873367,4.0,18.2,61.4,Pinu
-108.784981680601,60.9921160526152,4.0,13.8,5.6,Pice
-119.211093848181,59.3851504126865,4.0,14.3,36.8,Pice
-118.675415977353,59.4814755394384,4.0,15.1,37.2,Pice
-111.745192425816,60.4609067243557,4.0,14.9,18.5,Pinu
-108.452986204172,60.7105972535114,4.0,13.8,5.6,Pice
-113.397945388084,60.1527997986436,4.0,14.8,26.0,Pinu
-115.866736909906,59.6522289851976,1.0,16.3,99.4,Pice
-114.829862280494,59.8481805206028,4.0,9.6,52.3,Pice
-109.491897873728,60.0821290265131,4.0,13.8,5.6,Pice
-110.439689315764,59.965621975513,4.0,13.1,10.1,Popu
-113.450878066823,59.4905825148609,4.0,15.3,16.0,Popu
-102.103671903735,60.6746336933278,4.0,7.8,11.8,Pice
-109.952977649898,59.6213176486341,4.0,13.1,10.1,Popu
-117.881018001618,58.538440000016,4.0,12.8,32.0,Pice
-107.478908547557,60.0146721310597,4.0,13.8,5.6,Pinu
-103.4122146469,60.3705552966407,4.0,13.0,39.6,Pice
-110.557129151948,59.6603103928772,4.0,19.4,55.8,Popu
-111.336116252311,59.3486616603241,4.0,13.1,10.1,Pinu
-100.507062075123,60.0438743664446,4.0,7.8,11.8,Pice
-114.56711483243,58.5244101215472,4.0,12.1,42.8,Popu
-114.519932116439,58.4908505386703,4.0,9.8,8.4,Pice
-111.060315812372,57.82959408989,3.0,9.8,1.0,Pinu
-108.197633065127,58.2705778289238,4.0,13.8,5.6,Pice
-103.549412431242,58.7889083807422,4.0,13.0,39.6,Pice
-101.179668208922,58.9637964556035,4.0,17.4,102.6,Pice
-63.6449479784821,54.5705599666041,4.0,13.4,137.5,Pice
-115.16245297181,57.1100762526,4.0,15.9,126.6,Pice
-115.715579231394,56.6890543109758,4.0,11.7,9.0,Pinu
-93.9930376186109,58.4275910641954,4.0,14.2,101.4,Pice
-115.898724560824,56.5288487260454,4.0,11.7,9.0,Lari
-115.243763711413,56.5439955722506,4.0,11.7,9.7,Pice
-102.976533591983,57.9968882804911,4.0,13.0,39.6,Pice
-115.364799864331,56.1312114052994,2.0,10.3,3.2,Pice
-111.47346893151,56.9184356758754,4.0,12.4,10.5,Popu
-124.819884001578,53.9779480015255,4.0,5.6,16.0,Pinu
-109.363264056311,56.9803948360205,4.0,14.3,42.6,Pinu
-110.487308450692,56.9757638859673,4.0,14.3,42.6,Pinu
-104.118238052389,57.4709420301226,4.0,13.3,30.2,Pinu
-103.093248599867,57.5230083997019,4.0,13.0,39.6,Pice
-115.64744453437,55.8143909712611,2.0,11.9,8.9,Pice
-109.002930261856,56.8775679058497,4.0,14.8,100.6,Pice
-94.3529328079623,57.681702659666,4.0,14.2,101.4,Pice
-101.752533320578,57.082687455594,4.0,13.2,68.9,Pice
-114.982777885732,55.2982456822792,3.0,11.5,8.0,Pice
-114.679082959587,55.3879053197299,1.0,11.0,22.6,Lari
-107.845651700583,56.3956606995144,4.0,14.8,86.6,Pinu
-91.1473020846127,57.0045990569002,4.0,18.4,32.0,Pice
-115.468162620138,55.0960091445256,4.0,9.8,30.6,Lari
-110.740790689925,55.9812477499118,4.0,11.7,8.6,Pice
-114.69571837593,55.2657842178894,4.0,11.5,8.0,Popu
-115.509481233477,54.957733214039,2.0,9.8,30.6,Pice
-115.340156703059,54.8554129972398,4.0,10.7,45.0,Pice
-104.163055992834,56.2686490294129,4.0,13.2,107.8,Pice
-95.2545741970387,56.5898429189914,4.0,13.4,30.0,Pice
-102.245929301298,56.3156217001916,4.0,16.9,123.8,Lari
-116.897941956406,54.2506568579448,4.0,6.8,9.0,Pice
-103.964024987946,56.1223833515394,4.0,13.2,107.8,Pinu
-103.586537109934,56.0067664252576,4.0,12.2,10.4,Pice
-104.566501320942,56.0591265983394,4.0,13.2,107.8,Lari
-104.495718792445,55.8715180902696,4.0,17.6,201.4,Lari
-116.753899836292,54.0788077175187,2.0,6.8,9.0,Popu
-71.7732786715591,53.6285413339626,4.0,14.6,59.5,Pice
-112.888355079991,54.4904642528818,4.0,10.7,27.5,Pice
-72.813842670045,53.5473450850649,4.0,11.8,88.0,Genc
-109.571418469631,54.4592921605026,4.0,13.0,0.0,Popu
-69.7228587037924,52.2431957218025,4.0,14.2,52.1,Genc
-115.706868583915,53.1975392847582,4.0,8.7,13.1,Pice
-85.1316269326505,54.7757990760755,4.0,14.4,90.8,Pice
-74.2976758795877,52.9129087025106,4.0,14.6,59.5,Pinu
-72.4025802474676,52.3964987562506,4.0,12.2,37.2,Pice
-91.0024826942801,54.7459665697629,4.0,14.8,15.5,Pice
-77.613272742771,53.3347145170561,4.0,14.7,38.2,Pice
-70.9875483975357,51.948928148249,4.0,12.2,37.2,Pice
-88.6318156157897,54.561879593299,4.0,17.1,32.0,Pice
-94.0834277446344,54.6754955990655,4.0,16.2,42.8,Pice
-115.133938714336,52.6791632968073,2.0,10.7,67.7,Pinu
-90.8633397297576,54.4755403792064,4.0,14.8,15.5,Pice
-73.8694026721331,52.3861871922601,4.0,11.8,88.0,Pice
-114.967177704803,52.6246835454804,1.0,8.3,87.5,Pinu
-74.0143563197869,52.3737271562271,4.0,11.8,88.0,Genc
-91.528879776765,54.367908658227,4.0,18.4,32.0,Pice
-85.7321269456022,53.9388464482844,4.0,14.4,90.8,Pice
-90.1542617287873,54.236099829521,4.0,14.8,15.5,Pice
-96.4358566064612,54.2169345312956,4.0,18.8,122.6,Pice
-96.3131979508571,54.0902455288326,4.0,18.8,122.6,Pice
-77.437923198405,52.6271388239444,4.0,12.5,31.2,Pice
-96.6111668158116,53.8901556855711,4.0,18.8,122.6,Pice
-115.905924727435,51.7256762235242,4.0,11.1,6.0,Abie
-76.5824265022269,52.2007953581761,4.0,12.5,31.2,Pice
-91.9890204143392,53.7299149123485,4.0,18.4,32.0,Pice
-115.749572361156,51.6777181249572,4.0,9.5,1.0,Pinu
-93.0178005503886,53.7068354871546,4.0,19.0,99.6,Pice
-90.8244525905323,53.6601072555356,4.0,17.1,32.0,Pice
-105.041337212129,53.2050193766638,4.0,13.3,4.4,Popu
-89.7789820994741,53.4815351005138,4.0,17.1,32.0,Pice
-116.749944036982,51.2749716441655,4.0,10.9,53.6,Pseu
-93.8093676817878,53.5331370157339,4.0,19.0,99.6,Abie
-90.5462851967056,53.3750158368993,4.0,17.1,32.0,Pice
-90.9344933147357,53.3872220642341,4.0,18.4,32.0,Pice
-89.9225269155128,53.2985039738068,4.0,17.1,32.0,Pice
-93.66673836327,53.3857002904472,4.0,19.0,99.6,Pice
-88.7247703124573,53.1962177686081,4.0,18.2,118.6,Pice
-93.0194234918251,53.2823899615314,4.0,19.0,99.6,Pice
-91.4052413194062,53.1155691355864,4.0,15.8,15.5,Pice
-94.2057319496456,53.1285057926651,4.0,19.0,99.6,Pice
-77.3834669188268,51.6193315788781,4.0,8.1,67.5,Pice
-93.5104055174894,53.0232165317763,4.0,19.0,99.6,Pice
-92.9795628668824,52.8908158164151,4.0,19.0,99.6,Pice
-91.1029410519615,52.725425025314,4.0,18.4,32.0,Pice
-95.8038528178771,52.793827202673,4.0,18.7,40.3,Pinu
-93.273792038004,52.8095950024378,4.0,19.0,99.6,Pice
-90.0925624712848,52.4780490068428,4.0,19.7,97.2,Pice
-95.3510642934498,52.757816034329,4.0,19.3,99.6,Pice
-93.5559242126741,52.6552448345632,4.0,19.0,99.6,Pice
-89.7467874175538,52.6638448097949,4.0,17.1,32.0,Pice
-116.09020999281,50.53663000325,4.0,11.0,50.6,Pseu
-92.2073978460786,52.638160835798,4.0,11.8,23.5,Pice
-82.3805898266174,51.8869372491018,4.0,12.0,54.8,Pice
-91.6671836495536,52.586923331406,4.0,18.4,32.0,Pice
-77.6350569790701,51.0983626018531,4.0,15.1,75.5,Pice
-73.0618777323658,50.1832988226988,4.0,16.9,59.0,Genc
-93.0673320365387,52.5550275512764,4.0,19.0,99.6,Pice
-89.2703888397003,52.4043245538968,4.0,18.2,118.6,Pice
-93.5912924928757,52.4599809425292,4.0,19.0,99.6,Pice
-88.5929413830301,52.2449207643516,4.0,18.2,118.6,Pice
-94.7740676125433,52.3348608084991,4.0,19.3,99.6,Pice
-94.0754627368454,52.3063338284435,4.0,19.0,99.6,Pice
-92.5484801061287,52.2774612784346,4.0,19.0,99.6,Pice
-94.9637160906209,52.2819552972308,4.0,19.3,99.6,Pinu
-88.9159135705922,52.0954105042198,4.0,11.3,58.8,Pice
-92.0582598544354,52.1904055833317,4.0,18.4,32.0,Pice
-93.8239570977565,52.2452409391246,4.0,20.4,38.6,Thuj
-94.8543227356523,52.2216812146523,4.0,19.3,99.6,Pinu
-95.2528262216854,52.222403800905,4.0,18.7,40.3,Pinu
-90.47312427814,52.070521730566,4.0,19.6,59.5,Pice
-82.9752821508272,51.5096661567886,4.0,16.7,36.8,Pice
-93.0686075258776,52.1226180608619,4.0,19.0,99.6,Pice
-92.8809496438757,52.0980913977079,4.0,19.0,99.6,Pice
-95.015191991203,52.0882084688445,4.0,19.3,99.6,Pinu
-89.4057358491924,51.8744945382571,4.0,19.7,97.2,Pice
-90.8042415076298,51.9422704219601,4.0,19.6,59.5,Pice
-89.292225033722,51.8365636137999,4.0,19.7,97.2,Pice
-95.0046537873865,51.9311130942947,4.0,20.4,38.6,Pice
-92.664867720017,51.7694102563548,4.0,20.0,40.2,Pice
-94.8551387837179,51.7126232180895,4.0,20.4,38.6,Lari
-96.3288201044123,51.7589448037628,4.0,18.7,40.3,Pinu
-79.7251772746813,50.5759276660007,4.0,16.4,58.0,Pice
-95.2465784898203,51.6893311221684,4.0,20.6,39.4,Pinu
-92.4033683726104,51.5199267277592,4.0,20.0,40.2,Pice
-92.0997114280304,51.4823901292628,4.0,20.6,35.0,Pice
-96.3492935347473,51.5637861614969,4.0,22.9,70.3,Pice
-89.8885308125911,51.2025472175571,4.0,15.6,73.8,Pice
-90.7847647775174,51.4203320866572,4.0,19.6,59.5,Pice
-88.9104072308286,51.2115029332118,4.0,17.9,54.0,Pice
-91.9846263151743,51.2168074511878,4.0,20.6,35.0,Pice
-94.6691820230014,51.2130843476723,4.0,20.4,38.6,Pice
-97.5329325856843,51.3444517844184,4.0,6.3,25.6,Popu
-95.5271031679934,51.0811224156439,4.0,8.8,32.6,Pinu
-95.8756635787942,51.1326001966927,4.0,20.6,39.4,Pinu
-97.8754038614344,51.1027356110804,4.0,13.5,33.8,Popu
-89.6318472046759,50.8278713491501,4.0,19.7,97.2,Pice
-89.2612813072028,50.7150324972915,4.0,16.2,44.8,Pice
-89.8775912758365,50.7710540684286,4.0,18.1,90.0,Pice
-89.2386801033544,50.5616645764747,4.0,17.9,54.0,Pice
-89.957324470139,50.462503136799,4.0,11.1,50.0,Pice
-90.1420355148657,50.2558680273844,4.0,10.1,29.8,Pice
-88.6552683009626,49.8281373999272,4.0,18.8,44.6,Pice
-86.6207337200054,49.421780592068,4.0,19.1,54.0,Pice
-95.9363895532294,49.7755183966636,4.0,21.0,2.4,Popu
-81.6102123911818,47.472379754436,4.0,6.7,88.1,Pinu
-106.727500600598,56.3375336005895,4.0,13.4,35.4,Pice
-123.355536581156,65.3200855251843,4.0,13.6,81.0,Pice
-91.5842070515209,51.8741199298816,4.0,18.4,32.0,Pice
-93.7799703305509,52.2927412217245,4.0,19.0,99.6,Pice
-93.8687368953334,53.8897501629254,4.0,19.3,99.6,Pinu
-104.322100304306,55.7925110501181,4.0,16.6,129.0,Pinu
-94.1094856024039,52.54040776987,4.0,19.0,99.6,Pice
-89.3670388745775,51.9343632874585,4.0,19.7,97.2,Pice
-88.6509832312255,52.1866672960032,4.0,11.3,58.8,Pice
-116.373942755908,65.5490846415224,4.0,18.7,60.0,Pice
-114.439268999112,58.4649230013062,4.0,11.8,18.8,Popu
-130.340775096765,61.8256963643695,4.0,1.6,16.4,Abie
-133.299351978419,62.1325750050501,4.0,8.1,6.8,Pice
-136.797700366935,62.6706169459878,4.0,8.1,14.2,Pice
-138.603678973094,62.8367774933679,4.0,14.0,98.7,Pice
-139.019521645754,63.0431659767314,4.0,14.0,93.8,Pice
-135.231309946735,65.3281297484836,4.0,15.3,107.0,Pice
-119.688134998241,49.0028169958761,4.0,18.5,5.0,Pseu
-119.511311001042,49.9294729999927,4.0,17.4,9.8,Pseu
-120.658200121272,49.7835818945603,4.0,2.8,34.8,Pseu
-119.605900006567,50.4982030030703,4.0,15.0,6.0,Pseu
-122.009420005706,52.1065000008446,4.0,2.6,6.9,Pinu
-123.572910004059,52.852979999343,4.0,3.9,4.3,Pinu
-124.430495992528,53.0832390036615,4.0,3.1,3.6,Pinu
-125.007938006053,53.6008749995411,4.0,3.5,9.8,Pinu
-124.696945999451,53.9655010017534,4.0,5.6,16.0,Pinu
-121.862799995771,56.0597499959415,4.0,10.5,97.2,Popu
-120.29336000712,58.8876500014241,4.0,14.0,50.9,Pice
-122.296539998007,58.6691199968864,4.0,14.3,119.7,Pice
-122.039160003002,59.3743700025102,4.0,16.5,58.8,Pice
-123.048999994325,59.383730003599,4.0,16.5,58.8,Pice
-78.7573285056036,46.7237200599627,4.0,9.2,54.4,Acer
-75.6768028269713,47.0705538987979,4.0,16.3,137.6,Pice
-78.4926881876923,50.8425479803574,4.0,15.1,75.5,Pice
-69.9783479180158,49.5895676936446,4.0,14.1,1.2,Pice
-70.4528219694593,49.7575180418164,4.0,14.1,1.2,Pice
-70.689765513917,50.1476589876591,4.0,12.8,46.2,Pice
-70.0081240193915,50.1218833358623,4.0,12.8,46.2,Pice
-77.9913811614685,52.1072944636382,4.0,12.5,31.2,Pice
-69.6362127841161,50.4200607106534,4.0,15.5,83.1,Pice
-70.5824043130698,50.8318463702697,4.0,12.8,46.2,Pice
-70.3407379644416,50.5784757640016,4.0,12.8,46.2,Pice
-67.6798052092718,50.6376669115714,4.0,12.7,50.4,Pice
-79.0509202446703,53.5174374560424,4.0,14.7,38.2,Pinu
-76.6771673627279,53.5235397368229,4.0,14.7,38.2,Pice
-104.401345299588,55.8630075996739,4.0,13.0,20.3,Pinu
-106.064949344848,52.9331092562757,4.0,10.7,20.7,Popu
-108.232518810363,54.1548068273855,4.0,9.7,14.1,Pice
-106.328050112916,52.8951506759202,4.0,10.7,20.7,Popu
-107.78218151183,56.3032921485871,4.0,14.8,86.6,Pice
-108.735511622421,56.4784457009955,4.0,10.6,13.4,Popu
-105.803774599178,56.849220599494,4.0,13.4,35.4,Pice
-107.063232334672,60.0129278369131,4.0,13.8,5.6,Pinu
-111.382931034184,60.3622360392073,4.0,14.9,18.5,Pinu
-112.141588169375,60.8126063642685,4.0,15.7,86.4,Pinu
-109.64121121237,61.12656530963,4.0,11.4,43.1,Pinu
-121.011889197619,60.7073640268675,4.0,12.3,81.4,Pice
-121.019241836456,61.3540840902596,4.0,17.9,40.0,Pice
-113.102220469058,63.0455807207663,4.0,17.2,43.4,Pice
-116.885299311312,62.7973498117382,4.0,12.7,34.2,Pinu
-122.868683409084,61.9248466117114,4.0,16.5,62.5,Pice
-115.996023950592,64.6884094644372,4.0,18.7,60.0,Pice
-116.754596299617,64.0890023423723,4.0,18.7,60.0,Pice
-116.885596938326,64.1037019849291,4.0,18.7,60.0,Pice
-129.251976023781,66.6044152050823,4.0,13.4,16.5,Pice
-131.094716789236,66.3092707654604,4.0,13.4,16.5,Pice
-129.417590178591,67.6292661292423,4.0,13.1,49.2,Pice
-133.489233453446,68.089869144273,4.0,10.5,33.3,Pice
-114.991401549322,51.1272555978372,4.0,7.0,144.7,Popu
-115.066102872197,52.4594640117051,4.0,8.3,87.5,Pice
-114.88335468165,52.6347904389594,4.0,8.3,87.5,Popu
-115.26542506523,53.1459807897471,4.0,10.7,67.7,Popu
-113.802603634753,54.4804706411157,4.0,11.7,11.5,Popu
-115.311597939451,53.3959413496122,4.0,-3.6,6.8,Pice
-113.160356838328,54.9500098991416,4.0,5.5,8.0,Popu
-115.695932973899,54.2507115922084,2.0,11.2,114.8,Pice
-116.943859223546,54.3825870675934,2.0,10.4,45.2,Popu
-116.246400589429,55.1475042202564,4.0,11.9,43.9,Popu
-115.413048827001,55.348698204754,4.0,9.8,30.6,Popu
-111.020605087409,56.400804519641,4.0,13.5,91.8,Lari
-114.095605569055,54.8574759107718,4.0,11.1,18.2,Pice
-111.244994525533,56.1566345153116,4.0,11.0,18.2,Pinu
-118.462242963895,55.8871232675245,4.0,11.8,9.4,Popu
-114.57939972148,57.2662601597827,4.0,14.4,5.0,Pice
-117.249367639883,55.1575326610887,4.0,11.7,7.0,Pice
-110.764751174749,56.4865890439829,4.0,14.3,42.6,Pinu
-116.767525569088,58.5631536489334,4.0,11.3,15.2,Popu
-117.316806002582,58.8971409999039,4.0,16.9,119.2,Pice
-111.356717391614,56.4554632527013,4.0,16.3,1.5,Pice
-114.149296086679,56.1860053543425,4.0,1.6,66.5,Pice
-110.96037113848,56.3770424771014,4.0,11.0,18.2,Popu
-113.919819843981,55.9159639306704,4.0,12.9,8.8,Lari
-119.894388997617,59.5577740001446,4.0,14.3,13.8,Pice
-118.934347999012,59.9270239991759,4.0,11.7,63.2,Pice
-116.257876947567,56.5364474082597,4.0,7.0,44.3,Pice
-115.806115431544,55.3680311751459,4.0,11.9,20.8,Lari
-100.335121955978,53.7134114788917,4.0,15.8,65.4,Pice
-96.7751429995336,49.0947440270137,4.0,8.7,7.2,Popu
-95.6097884603138,49.1583144642264,4.0,4.3,85.4,Popu
-95.2466090614115,50.3340164090884,4.0,10.3,80.5,Pinu
-95.4638828302218,50.4946956530989,4.0,14.3,70.8,Pinu
-96.21269537687,50.5884889947555,4.0,8.8,32.6,Popu
-97.418890979243,51.4437753792957,4.0,12.5,49.2,Popu
-96.0449451470777,51.7367292484045,4.0,20.6,39.4,Pinu
-98.0001230129145,52.3627799684751,4.0,17.7,79.3,Popu
-94.3459623226755,53.7701862175314,4.0,16.2,42.8,Pice
-96.7355936980403,49.2738925252225,4.0,9.7,20.8,Popu
-94.0231751711012,53.8912385747362,4.0,19.3,99.6,Pinu
-96.3663570944589,49.1925274604139,4.0,9.8,15.6,Popu
-100.211159558058,54.5306198657658,4.0,15.8,65.4,Pinu
-98.5514405222829,55.1929428631523,4.0,18.0,170.2,Pice
-95.7120520890293,55.3641285081397,4.0,16.7,104.2,Pice
-96.2111523669359,55.6526999879324,4.0,18.7,80.0,Pice
-100.936989311913,55.6089827571781,4.0,2.0,37.0,Pinu
-98.8957168581659,55.8146691734609,4.0,5.8,17.0,Pice
-92.114555396284,55.9135658637195,4.0,15.8,15.5,Pice
-100.718437397141,56.0667861564685,4.0,2.0,37.0,Popu
-101.775051554978,56.0360569128433,4.0,16.9,123.8,Pice
-101.392626046048,58.0030771712707,4.0,12.0,11.2,Pice
-101.536218317485,56.0594709801776,4.0,17.4,102.6,Pice
-84.3301512671758,46.7683652154113,4.0,9.4,112.4,Genh
-91.3980913002402,48.169566099903,4.0,11.6,42.2,Popu
-91.4723046998517,48.2268010003417,4.0,11.6,42.2,Popu
-94.5817813869631,49.325681686414,4.0,19.9,104.8,Popu
-92.0466782468483,51.7250117224636,4.0,20.6,35.0,Pice
-86.1265674284877,49.2063170629777,4.0,13.1,42.0,Genh
-93.5862721379707,50.233740521202,4.0,20.6,118.0,Pinu
-84.6473758341102,49.9753928729869,4.0,11.5,111.5,Pice
-88.7925505590734,50.4706241613917,4.0,12.9,21.2,Pice
-89.7302319151773,51.6536363267247,4.0,19.7,97.2,Pice
-81.33537266953,51.5404107170646,4.0,16.7,36.8,Pice
-93.9986235309429,52.6651836947782,4.0,19.0,99.6,Pice
-82.2820572402776,52.0943439783962,4.0,16.7,36.8,Pice
-93.9603542506373,52.8820717585175,4.0,19.0,99.6,Pice
-94.7658667386341,52.9165187747119,4.0,19.3,99.6,Pice
-82.8401622187142,52.9187547542863,4.0,10.9,59.0,Pice
-88.5769989896904,53.6963328595047,4.0,17.1,32.0,Pice
-92.7354859932491,52.1811903131373,4.0,19.0,99.6,Pice
-92.8194682382701,51.9202532433356,4.0,19.0,99.6,Pice
-92.0410002999156,51.9099240005948,4.0,16.0,90.5,Pice
-120.039729997936,56.4224899999259,4.0,11.4,5.2,Popu
-115.800702508597,55.3284531517696,4.0,2.9,8.1,Popu
-111.620723217228,58.5523016407777,4.0,-1.2,4.5,Lari
-116.321138830704,53.626080751203,4.0,9.5,57.0,Pice
-116.055073431637,56.528272339833,4.0,11.7,9.0,Popu
-115.349433128684,55.222977626431,4.0,9.8,30.6,Popu
-118.295045000505,59.1938500013766,4.0,16.4,114.4,Pice
-116.760084671814,56.3504506245072,4.0,7.0,44.3,Pice
-110.89750235049,56.5881691562536,4.0,10.8,18.2,Popu
-117.200962000144,59.2662860002735,4.0,11.3,15.2,Pice
-116.694791903804,54.0362253109345,4.0,6.8,9.0,Pinu
-116.175285591377,55.1973635364471,4.0,11.9,43.9,Popu
-114.053639977915,55.2356116444892,4.0,11.1,18.2,Popu
-113.579203561834,56.5907018199379,4.0,17.8,0.0,Lari
-114.880275001198,57.3296979999719,4.0,14.4,5.0,Popu
-115.191942580333,53.0091352908086,4.0,10.7,67.7,Popu
-113.160090299671,56.9341968205054,4.0,11.3,76.7,Pice
-111.899504538274,54.9153726675488,4.0,11.6,2.6,Popu
-115.649321920703,55.3201930499949,4.0,9.8,30.6,Popu
-110.2202569547,55.0997404511378,4.0,10.7,15.0,Pice
-115.895921997431,58.0487089990924,4.0,17.9,43.7,Popu
-110.744971917645,55.907993230791,4.0,11.7,8.6,Popu
-118.719365000072,58.8111929999633,4.0,10.5,31.8,Popu
-115.428700579079,53.3025193857548,4.0,9.1,72.8,Popu
-116.887702431228,54.4188452330379,4.0,10.4,45.2,Popu
-116.755729302683,54.020800677132,4.0,6.8,9.0,Pice
-115.882187788392,55.2816975832509,4.0,11.9,43.9,Popu
-115.622650567598,55.9052804607762,4.0,11.9,8.9,Popu
-115.089590999542,52.5590223199827,4.0,8.3,87.5,Popu
-114.518579999694,58.438927999161,4.0,9.8,8.4,Popu
-110.322942588887,54.5387854840799,4.0,16.6,42.4,Popu
-112.974831379429,54.9388374894347,4.0,11.5,3.0,Popu
-119.419210683122,54.9859852547785,4.0,11.3,29.2,Pice
-116.77626765257,54.5858911843704,4.0,9.3,53.2,Popu
-114.866343530215,51.1788046599244,4.0,3.6,12.4,Popu
-118.697295997842,58.7079710000222,4.0,1.2,3.0,Popu
-119.358771220726,54.976214830096,4.0,11.3,29.2,Popu
-117.01195469576,54.0384821420406,4.0,6.8,9.0,Pinu
-110.727786639926,54.5295907400157,4.0,11.1,3.6,Popu
-118.766185814012,58.7144549164585,4.0,10.5,31.8,Popu
-115.195182790449,54.3558592356245,4.0,10.2,49.9,Popu
-119.246989149965,54.2732905802239,4.0,7.8,13.6,Pice
-114.89792823693,55.8697109234252,4.0,14.3,102.8,Pice
-116.170824098582,55.1888928996576,4.0,11.9,43.9,Popu
-117.664785385065,57.8036365506399,4.0,10.5,28.4,Popu
-115.018152869622,53.1053748801253,4.0,10.7,67.7,Popu
-116.168803897883,55.4132101000707,4.0,11.9,43.9,Popu
-118.728640359078,58.712181875799,4.0,10.5,31.8,Popu
-113.417620080632,56.9630432200059,4.0,12.7,6.0,Pice
-114.919675819813,52.1810250500921,4.0,8.3,87.5,Popu
-115.037750892457,57.0999926248497,4.0,14.4,5.0,Pice
-114.985237388548,52.6620296200841,4.0,8.3,87.5,Pinu
-116.078666688301,56.42372322011,4.0,4.6,10.9,Popu
-114.559669827544,54.5828126898273,4.0,14.8,5.4,Popu
-116.074499841524,56.6037819642196,4.0,11.7,9.0,Pice
-115.482795209733,57.3899275997518,4.0,14.8,80.6,Pice
-115.611888839817,55.9306061496994,4.0,11.9,8.9,Popu
-117.022919999797,59.1865990000432,4.0,15.1,55.8,Pice
-115.33444497976,56.417978304542,4.0,2.7,1.9,Popu
-114.545916079482,58.4575852010148,4.0,9.8,8.4,Popu
-115.020181970216,52.621847360068,4.0,8.3,87.5,Popu
-119.496582998658,59.428229999791,4.0,15.2,117.6,Pice
-110.73395077046,55.9347956794648,4.0,11.7,8.6,Popu
-115.312820045404,55.2586661821526,4.0,8.1,32.7,Popu
-114.860423280054,51.1567261501436,4.0,-5.1,17.4,Popu
-116.671624680098,54.1722583887907,4.0,6.8,9.0,Pice
-116.881589764249,54.3721845465016,4.0,10.4,45.2,Popu
-114.105117002048,58.7265320012468,4.0,11.8,16.6,Popu
-113.778024203216,55.9378899322738,4.0,12.9,8.8,Pinu
-114.826986389143,54.4764273387206,4.0,11.6,24.3,Popu
-115.657639779898,53.1917900395915,4.0,8.7,13.1,Popu
-115.803650767065,53.6567526097986,4.0,10.9,52.4,Popu
-115.765514590769,53.8786398942191,4.0,13.4,63.8,Popu
-116.680004096008,54.0402279704945,4.0,6.8,9.0,Pice
-115.215639149532,51.3739326003462,4.0,12.2,16.7,Pinu
-119.843552999512,58.750816999504,4.0,14.4,50.0,Pice
-114.945754462028,54.4501811109989,4.0,11.6,24.3,Popu
-115.430147390603,53.1610132796694,4.0,9.1,72.8,Pice
-115.93342000361,49.5847599971933,4.0,18.2,21.3,Lari
-120.706659993525,56.2804499996404,4.0,2.4,47.3,Popu
-119.832130001194,49.592309996429,4.0,21.8,8.0,Pseu
-122.015019998389,59.4068400025859,4.0,14.9,88.2,Pice
-121.074110003664,58.9965500018241,4.0,16.0,40.0,Pice
-114.638339997469,49.284539999298,4.0,9.6,0.2,Pice
-120.267609990165,59.5280900018299,4.0,15.2,117.6,Pice
-119.737710693719,49.4555716504858,4.0,5.2,37.0,Pseu
-119.819926998059,49.409125003328,4.0,-1.7,102.0,Pseu
-120.019172006399,49.1517639978296,4.0,14.7,1.0,Pseu
-121.021299999922,56.2462699991739,4.0,4.3,9.6,Popu
-121.906859996399,58.9803399959153,4.0,14.9,88.2,Pice
-121.093441004573,50.2085569959473,4.0,1.7,10.0,Pseu
-126.524170005334,54.9289400022986,4.0,10.3,44.8,Pinu
-121.389609999938,55.7162650009951,4.0,13.2,188.9,Popu
-124.881353006665,53.8857919990761,4.0,14.2,56.3,Pinu
-130.998520006276,58.0102400015668,4.0,-0.4,7.9,Pinu
-120.593581993625,50.9123789977992,4.0,15.5,9.4,Pinu
-125.261590002034,49.8057700004047,4.0,17.2,8.2,Pinu
-123.939899993741,53.8989800009477,4.0,5.6,16.0,Popu
-120.025841004609,50.6483800030259,4.0,19.2,18.8,Pseu
-120.279122606827,50.5031046513331,4.0,19.2,18.8,Pseu
-120.828870005616,56.35486999668,4.0,12.4,26.1,Popu
-119.676727193998,50.8143135486921,4.0,16.0,15.4,Pseu
-120.295353998134,49.8607290006018,4.0,16.1,0.4,Pinu
-115.542510004204,49.6756100014255,4.0,18.4,8.4,Pseu
-120.314670001795,59.7683900033331,4.0,14.3,13.8,Pice
-120.087769992118,59.8891600040749,4.0,14.3,13.8,Pice
-121.30989000493,58.9565500044918,4.0,16.5,58.8,Popu
-115.744060005352,49.6220200009162,4.0,19.3,32.0,Pseu
-117.650539996742,49.2551400023698,4.0,6.4,47.1,Pseu
-119.687246004856,49.3683810007112,4.0,12.6,66.4,Pseu
-123.043069994337,49.7378699965288,4.0,11.2,60.8,Pseu
-118.885951005244,49.8681949971547,4.0,15.7,4.7,Abie
-120.994936004365,50.7559430000262,4.0,-1.3,27.5,Popu
-119.280848993704,49.5557259994133,4.0,16.6,22.0,Pinu
-115.702290000925,49.4577099963961,4.0,10.1,45.6,Pseu
-119.54683999752,49.4841700011616,4.0,21.1,9.8,Pseu
-128.321776003905,55.0168659989549,4.0,4.9,27.4,Tsug
-121.422182997035,56.2194720000494,4.0,9.2,10.4,Popu
-123.054039996696,59.3643300017009,4.0,16.5,58.8,Pice
-119.628238995694,49.8455669989394,4.0,19.7,19.6,Pseu
-120.61334699971,50.754954001156,4.0,13.4,53.6,Pseu
-122.093849999183,52.215180003626,4.0,2.6,6.9,Pinu
-119.747823995898,49.5071620022492,4.0,6.9,12.4,Pseu
-119.633568994071,50.8051260028293,4.0,6.9,34.2,Pseu
-121.497807002724,50.9959470035608,4.0,15.3,14.0,Pseu
-119.517010993852,51.16201500149,4.0,16.8,13.4,Pseu
-120.462059999805,55.7616999959698,4.0,11.8,7.4,Popu
-119.51878899671,49.0831680012575,4.0,23.3,0.0,Pseu
-122.000730001755,58.9755800004901,4.0,14.9,88.2,Pice
-121.131937997808,51.8925640035255,4.0,8.9,113.9,Popu
-123.919380005882,52.1485999960782,4.0,1.2,11.6,Pseu
-122.963088998142,54.6247719969658,4.0,12.6,88.6,Pinu
-119.928560004548,49.8904900025975,4.0,17.6,23.8,Pseu
-120.432309998591,59.919740001281,4.0,15.2,117.6,Pice
-123.615053995423,53.9846419986532,4.0,9.9,69.4,Pinu
-121.564860007,51.1075100008833,4.0,2.4,21.5,Pseu
-121.924619999256,50.6998800000764,4.0,18.8,10.2,Pseu
-119.724489993075,49.6591199989069,4.0,22.5,1.6,Pseu
-115.962389996918,49.6187999961459,4.0,18.2,21.3,Pseu
-126.629139999249,59.7369900029913,4.0,8.8,17.4,Pinu
-123.343162003136,51.5622550024662,4.0,4.5,5.3,Pinu
-120.879727997209,50.707493995824,4.0,7.6,102.8,Pseu
-119.406675997367,49.9090060015534,4.0,7.0,25.0,Pseu
-122.263112994581,52.6371290008103,4.0,4.3,8.3,Pinu
-120.090859999069,59.3637500024807,4.0,15.2,117.6,Pice
-115.771729995474,49.6151799971881,4.0,5.6,47.9,Pseu
-115.857850000823,49.6586299972938,4.0,5.6,47.9,Pseu
-122.113170007375,58.6500000020949,4.0,16.5,58.8,Pice
-120.523195002767,50.671755995801,4.0,18.4,7.2,Popu
-115.543279996252,49.170639997077,4.0,18.3,13.0,Pinu
-120.913590002693,51.5608700002864,4.0,11.3,26.4,Pinu
-120.165479999455,59.2351699974806,4.0,15.2,91.4,Popu
-115.928969998894,50.3811700018106,4.0,2.3,14.6,Pseu
-121.067391004109,50.1787090048888,4.0,5.8,18.3,Pseu
-120.824833444398,50.0563980167888,4.0,5.8,18.3,Pseu
-120.979940006884,59.4523200033394,4.0,15.1,82.0,Pice
-101.300261923158,55.7708554358798,4.0,12.8,6.8,Pinu
-93.581494527091,54.1607148344805,4.0,15.8,42.8,Pice
-95.9601567311083,54.5772990079754,4.0,19.3,99.6,Pinu
-98.9318495693263,56.8146994985482,4.0,5.8,17.0,Pice
-93.9814426732101,54.7563030369227,4.0,19.3,99.6,Pinu
-94.7174391887951,56.2913931931731,4.0,13.4,30.0,Pice
-96.6306023481428,51.7991132503703,4.0,18.7,40.3,Pinu
-95.2504460867848,49.7468269262909,4.0,7.8,15.0,Popu
-96.1288345699738,56.2497757957281,4.0,4.9,0.0,Pice
-101.032012200012,53.1775932991113,4.0,5.7,15.8,Pice
-95.2864371940734,54.5892415738406,4.0,16.2,42.8,Pice
-96.1424162213043,56.252937186501,4.0,4.9,0.0,Pice
-96.8405466288218,52.0037880441633,4.0,17.7,79.3,Popu
-95.2577070653158,54.9235255433911,4.0,16.2,42.8,Pice
-95.9061970323636,49.7704188886857,4.0,3.9,50.2,Popu
-95.5557235524671,49.8601598136933,4.0,13.2,90.2,Popu
-95.2896706270139,49.8308518881263,4.0,18.6,23.8,Popu
-95.2878364042025,50.6211106029782,4.0,20.6,39.4,Pinu
-97.3839414212406,53.8543729495732,4.0,18.8,122.6,Pice
-95.9133353450381,50.2714060552406,4.0,8.5,28.3,Popu
-95.4571862645932,50.6092779188063,4.0,20.0,13.5,Popu
-96.1613716834018,49.0996596280444,4.0,3.8,32.3,Popu
-96.6829027054248,51.7589275664348,4.0,18.7,40.3,Pinu
-100.61066676408,54.6573960206902,4.0,18.6,149.4,Pinu
-95.429384326593,49.7318042023226,4.0,18.6,23.8,Pice
-96.1485880362302,50.7439923948826,4.0,10.9,63.9,Popu
-101.616580686654,54.8194346489541,4.0,15.3,84.6,Pinu
-96.9197201256716,54.8565206926414,4.0,18.0,170.2,Pinu
-94.8632195621481,53.8089931634212,4.0,19.3,99.6,Pice
-95.6906883235138,50.9295592277785,4.0,20.6,39.4,Pinu
-92.0759106089791,55.8495007989153,4.0,15.8,15.5,Pice
-97.895343074692,55.3226728027928,4.0,18.7,80.0,Pinu
-96.5814660038524,51.6448512750963,4.0,22.9,70.3,Pinu
-94.0884462948127,56.5456277992469,4.0,15.3,125.4,Pice
-98.8525029357884,54.6076992414998,4.0,18.0,170.2,Pice
-95.9211421152384,49.1676655187997,4.0,19.2,37.4,Pice
-94.9384487758301,53.9212461440468,4.0,16.2,42.8,Pice
-98.8510013197467,52.1398773388385,4.0,15.2,99.6,Lari
-96.5329987705241,51.9831476894322,4.0,18.7,40.3,Pinu
-101.021092027121,52.9056723089781,4.0,5.7,15.8,Popu
-95.6548488795361,52.1783682923859,4.0,18.7,40.3,Pinu
-96.1941220653622,49.4034428844135,4.0,3.8,114.8,Lari
-97.342578174067,52.9951718897116,4.0,18.7,40.3,Popu
-96.0418421194572,52.1296037083311,4.0,18.7,40.3,Pinu
-95.2773914427779,50.0132157990443,4.0,18.6,23.8,Pice
-95.9068334842506,49.7604370547462,4.0,3.9,50.2,Popu
-100.166262554089,56.7259327976589,4.0,13.2,68.9,Pice
-95.8929482108846,50.7440482653308,4.0,20.0,13.5,Pice
-101.817149361602,54.7468365825713,4.0,19.2,142.8,Lari
-98.5764313989991,56.7937804184606,4.0,16.5,133.5,Pice
-94.4532483089132,54.5463946439301,4.0,7.7,76.0,Pice
-95.1980752939116,50.6500745250799,4.0,20.0,13.5,Pinu
-95.421592575063,50.2583623930472,4.0,19.6,39.4,Pice
-100.802151321909,54.5960049524323,4.0,15.8,65.4,Pinu
-98.8705688863381,55.2110508680278,4.0,18.0,170.2,Pinu
-96.3395060899309,50.2605590339408,4.0,8.3,21.8,Popu
-95.4822218446037,51.8012945258424,4.0,20.0,13.5,Pinu
-97.7543608407678,54.6559288689412,4.0,14.9,22.3,Pice
-95.9644737405233,50.2856721896784,4.0,8.5,27.0,Popu
-95.7644103497717,51.1553884380459,4.0,20.6,39.4,Pinu
-96.2951037812465,51.1837928234438,4.0,10.8,63.1,Pice
-96.8325703310842,54.9012821046363,4.0,5.2,37.1,Pinu
-101.755641021434,55.9821036754951,4.0,16.9,123.8,Pinu
-95.3470359085007,51.0065576675771,4.0,10.9,63.9,Popu
-96.6207726257537,52.5576133913112,4.0,18.7,40.3,Pice
-96.8039691410239,54.6768867664059,4.0,18.0,170.2,Pice
-95.9071802721521,49.7439990793483,4.0,13.9,56.0,Popu
-95.284602424055,50.2618221651949,4.0,19.6,39.4,Pice
-95.1904464399529,49.8029381375586,4.0,7.8,15.0,Abie
-98.899929162764,55.790231041977,4.0,13.7,53.0,Pice
-95.2560051204925,50.6907158971228,4.0,14.3,70.8,Pice
-96.0415222311453,55.5818761130635,4.0,18.7,80.0,Pice
-95.2334299137751,49.7143353533714,4.0,7.8,15.0,Popu
-97.3210089444201,53.0071018282798,4.0,18.7,40.3,Pice
-94.4429342229505,54.5382866733136,4.0,7.7,76.0,Pice
-97.282058629654,52.3337851479088,4.0,17.7,79.3,Pinu
-95.20559015459,50.5405245027472,4.0,20.0,13.5,Pice
-96.3009403209786,51.1814836495427,4.0,10.8,63.1,Pice
-95.6814828578581,50.142119665384,4.0,19.6,39.4,Popu
-101.156275335772,57.1328557276802,4.0,17.4,102.6,Pice
-95.8461995753914,51.4562806412666,4.0,20.6,39.4,Pinu
-95.420873327282,54.854126343838,4.0,19.3,99.6,Popu
-96.1659750130275,52.299149999463,4.0,18.7,40.3,Pinu
-97.4127184360815,55.736070348693,4.0,18.7,80.0,Pice
-101.451831247838,54.6096795053148,4.0,18.6,149.4,Popu
-98.4822965601266,55.5389342068547,4.0,14.1,24.7,Pice
-97.6996199048371,54.7715523956944,4.0,7.3,21.9,Pinu
-96.8267683979768,51.1780655369344,4.0,14.5,13.6,Pice
-95.7843350968456,50.127937269715,4.0,19.6,39.4,Popu
-97.0636210246106,52.3731066268677,4.0,8.8,72.9,Popu
-95.4918374455419,50.5757155311759,4.0,20.0,13.5,Pinu
-96.448149965652,49.5446150119163,4.0,19.2,35.0,Popu
-95.1859299210821,49.7423908357169,4.0,18.6,23.8,Popu
-101.283308393816,57.2103184006328,4.0,17.4,102.6,Pice
-95.642791079051,51.002902052116,4.0,20.0,13.5,Pinu
-96.1335273376335,56.2490483112845,4.0,11.3,47.4,Pice
-95.851558919299,50.6096038747003,4.0,20.0,13.5,Pinu
-95.4383601444988,51.8470185129356,4.0,20.6,39.4,Pinu
-95.3742594077358,50.6598910636984,4.0,20.0,13.5,Pice
-99.8148445919187,51.6546380902538,4.0,19.6,30.6,Popu
-101.174385091372,55.4418244650021,4.0,4.2,54.0,Pinu
-94.6307423307233,53.8884949729416,4.0,19.3,99.6,Pice
-96.23787074674,50.0607257705597,4.0,8.3,21.8,Popu
-101.042583144655,56.8579359292463,4.0,13.2,68.9,Pice
-95.3763850165687,54.0029011931614,4.0,19.3,99.6,Pice
-98.8894305962543,55.7911182167487,4.0,13.7,53.0,Pice
-94.4609119261705,54.5457226729666,4.0,7.7,76.0,Pice
-98.3722984697614,54.452272432631,4.0,14.9,22.3,Pinu
-96.3443966489138,50.8206472513299,4.0,22.7,13.2,Popu
-94.4613189886493,54.5613447437827,4.0,7.7,76.0,Pice
-97.1201595511354,54.1990648159519,4.0,18.8,122.6,Pice
-94.3976866977251,53.7362731130134,4.0,16.2,42.8,Pinu
-93.9127668352744,53.8840040691659,4.0,19.3,99.6,Pice
-95.8662829816848,51.1048816771849,4.0,20.6,39.4,Pinu
-96.298789901102,49.916425135327,4.0,20.3,15.7,Popu
-96.7342947498154,52.5993452858862,4.0,18.7,40.3,Pice
-95.4246308264982,50.5092267480767,4.0,14.3,70.8,Pice
-93.5374620593978,54.1647765266789,4.0,15.8,42.8,Pice
-97.894981734519,55.0563862180881,4.0,18.0,170.2,Pice
-101.493703967796,54.6154365002773,4.0,18.6,149.4,Pice
-97.0310172078947,54.716824579365,4.0,18.0,170.2,Pinu
-95.383113027072,49.1973450754175,4.0,18.5,30.4,Popu
-96.8295613342653,54.9210451819976,4.0,18.0,170.2,Popu
-96.982564727912,54.4421374912866,4.0,18.0,170.2,Pice
-100.608902178947,54.1855153833348,4.0,8.5,29.4,Pice
-95.1771129081064,49.739327040405,4.0,20.3,61.6,Popu
-97.247772901906,55.6396579431269,4.0,14.2,37.6,Pice
-95.231841012965,51.33932710741,4.0,20.0,13.5,Pinu
-97.4934155730539,51.4770399308363,4.0,8.5,90.0,Popu
-97.7934024113846,54.6462837391134,4.0,14.9,22.3,Betu
-99.6256643683584,54.6249484288667,4.0,18.0,170.2,Pice
-95.1729464080514,49.7837714970141,4.0,20.3,61.6,Popu
-96.4996258728088,53.8390475689507,4.0,18.8,122.6,Pinu
-101.224545036265,54.629280679389,4.0,15.3,84.6,Popu
-95.8835017034437,51.3268585208651,4.0,20.0,13.5,Pinu
-97.7487437487002,54.661506437776,4.0,14.9,22.3,Pice
-98.8807545476793,54.6775770171722,4.0,14.9,22.3,Pice
-97.7583314470478,54.0019936706052,4.0,15.5,41.0,Acer
-98.070447187338,51.956267339756,4.0,18.7,40.3,Lari
-95.8687834100541,51.2182150105165,4.0,20.6,39.4,Pinu
-93.4750885652387,55.1848128224568,4.0,19.0,99.6,Pice
-100.15000192786,54.5039929956075,4.0,15.8,65.4,Pice
-95.2421125956492,49.6968269327464,4.0,20.3,61.6,Popu
-96.9268261162587,50.0163492179154,4.0,12.0,73.0,Popu
-96.4597154307222,51.9229565007079,4.0,18.7,40.3,Pice
-95.4379471849669,50.1718266828078,4.0,19.6,39.4,Pinu
-95.5465394207592,49.7847001455755,4.0,18.6,23.8,Pice
-99.5724620602893,56.408503322477,4.0,17.4,102.6,Pice
-94.6274087387054,53.8293283052698,4.0,16.2,42.8,Pice
-95.3712553114473,52.5566040964654,4.0,18.7,40.3,Pinu
-97.1445691059854,56.2461763126282,4.0,9.3,0.0,Pice
-95.6604465642887,50.1454374561375,4.0,21.0,2.4,Popu
-94.6548886648449,53.8239944611473,4.0,19.3,99.6,Pinu
-95.9071113665544,49.7909926145447,4.0,19.6,39.4,Popu
-95.935174708819,51.8784927411803,4.0,20.6,39.4,Pinu
-95.2942631639394,49.6985021141064,4.0,7.8,15.0,Popu
-96.4193402240298,51.9023809008115,4.0,18.7,40.3,Pinu
-96.0207269622583,51.0876592166531,4.0,20.0,13.5,Popu
-95.9066681764963,49.7865805275431,4.0,13.9,56.0,Popu
-95.2266645025231,51.4990734658745,4.0,20.0,13.5,Pinu
-94.4698760909501,53.690967325644,4.0,16.2,42.8,Popu
-96.7321889684416,51.9434420130163,4.0,17.7,79.3,Popu
-100.334285632766,53.7076760864876,4.0,15.8,65.4,Pice
-93.8255096868748,55.0299273144444,4.0,19.3,99.6,Pice
-95.3169323217136,49.6907157014692,4.0,7.8,15.0,Quer
-96.1364540422127,56.2543364368187,4.0,4.9,0.0,Pice
-98.9335210825177,56.7498773202066,4.0,5.8,17.0,Pice
-97.0439706026966,52.3685047475234,4.0,18.7,40.3,Pice
-95.8807215534616,49.5109926328522,4.0,19.2,35.0,Popu
-96.1112162862003,51.1075123577151,4.0,20.6,39.4,Popu
-94.5765072322096,56.2842177489512,4.0,13.4,30.0,Pice
-96.0876860441988,54.6014222154009,4.0,18.0,170.2,Pice
-98.5177051263934,55.5397993516956,4.0,16.1,42.4,Pinu
-95.853083960007,50.9820558748496,4.0,20.6,39.4,Pinu
-101.142133780256,55.1719835244962,4.0,15.3,84.6,Pinu
-95.5202736754315,51.5301831510391,4.0,20.0,13.5,Pinu
-100.480213520736,55.310415508168,4.0,18.6,149.4,Popu
-95.9101250205417,53.8546588720063,4.0,19.3,99.6,Pinu
-101.429589511417,50.9708716672372,4.0,0.8,42.3,Popu
-95.4302385731538,52.4728864281469,4.0,18.7,40.3,Pinu
-96.4438898191743,51.9512359628253,4.0,18.7,40.3,Pice
-95.5064150228908,50.4850147193679,4.0,8.8,32.6,Popu
-96.1451622053768,49.1976729927589,4.0,19.2,35.0,Popu
-101.783624334214,54.8998475266461,4.0,19.1,136.4,Pice
-95.4502496264851,52.0165003421499,4.0,15.2,17.2,Pice
-95.4764139079455,49.7937974399747,4.0,18.6,23.8,Pice
-101.220485236886,54.93294867996,4.0,5.3,61.6,Pinu
-94.9179868837574,53.8907636466466,4.0,16.2,42.8,Pinu
-95.6806495584102,50.1304471246508,4.0,19.6,39.4,Popu
-96.2887380957568,50.825628706043,4.0,10.8,63.1,Popu
-98.4640747012386,56.0512668974333,4.0,16.5,133.5,Pinu
-101.724374277295,55.8468020507076,4.0,13.9,54.6,Pinu
-99.31631442094,53.9823569219598,4.0,18.3,134.0,Popu
-94.4375775974384,53.679015990656,4.0,19.3,99.6,Betu
-93.991311228293,56.1996073742802,4.0,16.7,104.2,Pice
-95.2573145189538,50.848224203955,4.0,20.6,39.4,Abie
-95.5123873288338,54.2567670820478,4.0,19.3,99.6,Pinu
-101.624078629646,52.8307788356384,4.0,9.4,73.0,Popu
-95.2446127772167,49.748215824588,4.0,20.3,61.6,Popu
-95.9590155028957,50.1849366563235,4.0,21.0,19.2,Popu
-96.1174162776212,56.2484927856691,4.0,4.9,0.0,Popu
-95.7269588616424,50.1642397209209,4.0,19.6,39.4,Popu
-96.7681710102127,52.7033437264668,4.0,18.7,40.3,Pice
-100.480513302797,55.2214578066184,4.0,18.6,149.4,Pinu
-94.8526267122277,53.8163945561129,4.0,19.3,99.6,Genc
-95.7284149973861,49.0339838713437,4.0,4.3,85.4,Popu
-95.4891277670174,50.0676111138316,4.0,19.6,39.4,Popu
-94.5095513389953,54.8233637957158,4.0,19.3,99.6,Pice
-97.8749659306356,54.1127914294357,4.0,18.8,122.6,Pice
-96.4975867272708,51.4951705603133,4.0,22.9,70.3,Pice
-96.4360521180524,52.337591837913,4.0,18.7,40.3,Pinu
-94.5663558090765,56.272195994903,4.0,13.4,30.0,Pice
-95.6440605240106,50.8998819972934,4.0,20.0,13.5,Popu
-96.7625872463679,52.0064939409394,4.0,18.7,40.3,Pice
-97.0935064235811,52.2329354553558,4.0,18.7,40.3,Popu
-94.5836656484905,56.2776914999357,4.0,13.4,30.0,Pice
-95.9065898239246,49.7782979657388,4.0,19.6,39.4,Popu
-95.7208193888887,54.4870555885153,4.0,19.3,99.6,Pice
-95.5994137836887,51.6687221917899,4.0,20.6,39.4,Pinu
-95.4173025020331,51.4032713483712,4.0,20.0,13.5,Pinu
-95.4346868432083,50.7037224291533,4.0,20.0,13.5,Pinu
-95.4760038007412,50.4826599840532,4.0,14.3,70.8,Pinu
-96.5398958098234,51.9882140503892,4.0,18.7,40.3,Pinu
-95.5902244258704,51.9128928297195,4.0,20.6,39.4,Pinu
-101.080003128034,52.4950042807032,4.0,9.4,73.0,Popu
-98.6337963993358,56.0518221976754,4.0,5.8,17.0,Pinu
-95.2633492935656,50.1059075894673,4.0,18.6,23.8,Betu
-95.4706722851889,52.0094591587413,4.0,8.8,72.9,Pinu
-95.9454660484743,49.6475253127293,4.0,9.8,15.6,Popu
-92.4628641231701,55.9290893708242,4.0,16.7,104.2,Pinu
-96.8624887853831,54.3866057739405,4.0,18.0,170.2,Pinu
-96.9287812588072,51.3621023159239,4.0,19.8,36.6,Pice
-100.174585839627,54.7748041483196,4.0,15.3,84.6,Pinu
-98.1110176911577,55.5157118575915,4.0,14.2,37.6,Pice
-95.4190595122924,50.4882156278215,4.0,20.0,13.5,Pinu
-96.1569133607056,49.6557351798242,4.0,19.5,21.2,Quer
-96.1249162784526,56.2515483296439,4.0,9.3,0.0,Popu
-120.514011381039,61.2900853202418,4.0,14.6,81.4,Pice
-123.091796809891,65.3561350186838,4.0,13.6,81.0,Pice
-128.420538196101,66.2238468000344,4.0,13.4,16.5,Pice
-105.914711225802,55.0671317932965,4.0,14.3,95.8,Pice
