,X,Y,Tm,P,tree_genus,BURNCLAS,PredictedClass
0,-137.281899024297,66.8540167650462,13.1,0.0,0,1.0,0
1,-132.664987913966,67.7808294916208,10.5,33.3,0,1.0,0
2,-134.437550001211,66.241071388991,8.4,95.9,1,1.0,0
3,-136.47859521273,65.6199272375705,13.1,0.0,0,1.0,1
4,-139.26734924961,64.3740348973587,9.8,20.5,1,1.0,0
5,-140.041212365847,63.493175289696,9.8,20.5,0,1.0,1
6,-132.656086931569,65.8597539419139,10.5,33.3,1,1.0,0
7,-132.506666715885,65.7523593489664,10.5,33.3,1,1.0,0
8,-138.576049617856,63.7336470166727,9.8,20.5,1,1.0,1
9,-128.280373059546,66.5117285660291,13.1,49.2,0,1.0,0
10,-127.806548986087,66.4466558736757,13.4,16.5,0,1.0,0
11,-136.306535206466,64.0911497336907,14.2,95.9,0,1.0,0
12,-130.736286094776,65.6336064395122,13.4,16.5,0,1.0,0
13,-131.172621403753,65.4879727556716,13.4,16.5,0,1.0,0
14,-138.774152972334,62.4946659226336,6.2,21.4,0,1.0,1
15,-126.218041287823,66.128481012568,9.9,9.3,0,1.0,0
16,-134.474750666117,63.0645935525023,14.2,95.9,1,1.0,0
17,-123.900524123641,65.6844491677726,9.2,5.5,0,1.0,0
18,-123.095826412431,65.7901649247445,8.8,5.5,0,1.0,0
19,-135.97952616254,62.3197438290355,13.2,95.9,1,1.0,0
20,-124.958656814502,64.886388513018,16.7,81.0,1,1.0,0
21,-135.043799780458,61.7221160053699,8.3,22.5,0,1.0,1
22,-125.166597621576,64.2670000650388,12.9,15.4,1,1.0,1
23,-119.058529912971,65.3810441775649,15.1,77.0,0,1.0,0
24,-116.507230435113,65.5423075299841,18.7,60.0,0,1.0,0
25,-116.024112874996,65.5932703379106,18.7,60.0,0,1.0,0
26,-130.645172978148,62.0952804022511,8.8,94.5,0,1.0,0
27,-121.637536372315,64.2226645207098,8.8,5.5,0,1.0,0
28,-118.751024858748,64.6486721909829,18.7,60.0,0,1.0,0
29,-116.334766507636,64.9187510301527,18.7,60.0,0,1.0,0
30,-120.478552562725,63.9470958616417,17.9,40.0,1,1.0,1
31,-122.114007415904,63.5469413574233,14.6,81.4,1,1.0,0
32,-129.298100650634,59.6800961379895,13.3,93.0,1,1.0,0
33,-116.553470348749,62.6151874639573,17.5,60.0,1,1.0,1
34,-109.876043050054,63.0893871067862,16.6,31.1,0,1.0,0
35,-116.30787180402,62.1146487906177,12.4,60.0,0,1.0,1
36,-111.507440828328,62.8155899499486,16.5,55.2,0,1.0,0
37,-115.078974810782,62.1431791268971,18.2,60.0,1,1.0,1
38,-115.213480041754,61.9020085346306,18.2,60.0,0,1.0,1
39,-108.941915947291,62.372612317218,16.6,31.1,0,1.0,1
40,-109.856136442645,62.2772836625333,16.0,43.0,1,1.0,1
41,-108.043913543948,62.4957821798286,16.6,31.1,0,1.0,1
42,-127.65693699699,58.8277320004903,12.3,100.3,1,1.0,0
43,-127.276038996699,58.8945049969677,12.3,100.3,0,1.0,0
44,-108.34299038905,62.3575833351242,16.6,31.1,0,1.0,1
45,-119.429318231316,60.5842150122687,11.7,63.2,1,1.0,1
46,-109.203813779527,62.0861330701956,16.6,31.1,0,1.0,1
47,-111.106815244676,61.7253129617798,13.0,1.2,1,1.0,1
48,-117.626402629006,60.6371423842694,18.2,95.4,1,1.0,1
49,-112.008601926966,61.526107911537,14.8,26.0,0,1.0,1
50,-111.777047275599,61.1524356235014,14.9,18.5,1,1.0,1
51,-111.976981613134,61.0929607923333,14.8,26.0,1,1.0,1
52,-120.362727291863,59.5073105475744,14.3,13.8,0,1.0,1
53,-108.944458477823,61.2023690307501,11.4,43.1,1,1.0,0
54,-112.317706347947,60.5985917873367,18.2,61.4,1,1.0,1
55,-108.784981680601,60.9921160526152,13.8,5.6,0,1.0,0
56,-119.211093848181,59.3851504126865,14.3,36.8,0,1.0,1
57,-118.675415977353,59.4814755394384,15.1,37.2,0,1.0,1
58,-111.745192425816,60.4609067243557,14.9,18.5,1,1.0,1
59,-108.452986204172,60.7105972535114,13.8,5.6,0,1.0,1
60,-113.397945388084,60.1527997986436,14.8,26.0,1,1.0,1
61,-115.866736909906,59.6522289851976,16.3,99.4,0,1.0,1
62,-114.829862280494,59.8481805206028,9.6,52.3,0,1.0,1
63,-109.491897873728,60.0821290265131,13.8,5.6,0,1.0,1
64,-110.439689315764,59.965621975513,13.1,10.1,1,1.0,1
65,-113.450878066823,59.4905825148609,15.3,16.0,1,1.0,1
66,-102.103671903735,60.6746336933278,7.8,11.8,0,1.0,0
67,-109.952977649898,59.6213176486341,13.1,10.1,1,1.0,1
68,-117.881018001618,58.538440000016,12.8,32.0,0,1.0,1
69,-107.478908547557,60.0146721310597,13.8,5.6,1,1.0,1
70,-103.4122146469,60.3705552966407,13.0,39.6,0,1.0,1
71,-110.557129151948,59.6603103928772,19.4,55.8,1,1.0,1
72,-111.336116252311,59.3486616603241,13.1,10.1,1,1.0,1
73,-100.507062075123,60.0438743664446,7.8,11.8,0,1.0,1
74,-114.56711483243,58.5244101215472,12.1,42.8,1,1.0,1
75,-114.519932116439,58.4908505386703,9.8,8.4,0,1.0,1
76,-111.060315812372,57.82959408989,9.8,1.0,1,1.0,1
77,-108.197633065127,58.2705778289238,13.8,5.6,0,1.0,1
78,-103.549412431242,58.7889083807422,13.0,39.6,0,1.0,1
79,-101.179668208922,58.9637964556035,17.4,102.6,0,1.0,1
80,-63.6449479784821,54.5705599666041,13.4,137.5,0,1.0,0
81,-115.16245297181,57.1100762526,15.9,126.6,0,1.0,1
82,-115.715579231394,56.6890543109758,11.7,9.0,1,1.0,1
83,-93.9930376186109,58.4275910641954,14.2,101.4,0,1.0,1
84,-115.898724560824,56.5288487260454,11.7,9.0,5,1.0,1
85,-115.243763711413,56.5439955722506,11.7,9.7,0,1.0,1
86,-102.976533591983,57.9968882804911,13.0,39.6,0,1.0,1
87,-115.364799864331,56.1312114052994,10.3,3.2,0,1.0,1
88,-111.47346893151,56.9184356758754,12.4,10.5,1,1.0,1
89,-124.819884001578,53.9779480015255,5.6,16.0,1,1.0,1
90,-109.363264056311,56.9803948360205,14.3,42.6,1,1.0,1
91,-110.487308450692,56.9757638859673,14.3,42.6,1,1.0,1
92,-104.118238052389,57.4709420301226,13.3,30.2,1,1.0,1
93,-103.093248599867,57.5230083997019,13.0,39.6,0,1.0,1
94,-115.64744453437,55.8143909712611,11.9,8.9,0,1.0,1
95,-109.002930261856,56.8775679058497,14.8,100.6,0,1.0,1
96,-94.3529328079623,57.681702659666,14.2,101.4,0,1.0,1
97,-101.752533320578,57.082687455594,13.2,68.9,0,1.0,1
98,-114.982777885732,55.2982456822792,11.5,8.0,0,1.0,1
99,-114.679082959587,55.3879053197299,11.0,22.6,5,1.0,1
100,-107.845651700583,56.3956606995144,14.8,86.6,1,1.0,1
101,-91.1473020846127,57.0045990569002,18.4,32.0,0,1.0,0
102,-115.468162620138,55.0960091445256,9.8,30.6,5,1.0,1
103,-110.740790689925,55.9812477499118,11.7,8.6,0,1.0,1
104,-114.69571837593,55.2657842178894,11.5,8.0,1,1.0,1
105,-115.509481233477,54.957733214039,9.8,30.6,0,1.0,1
106,-115.340156703059,54.8554129972398,10.7,45.0,0,1.0,1
107,-104.163055992834,56.2686490294129,13.2,107.8,0,1.0,1
108,-95.2545741970387,56.5898429189914,13.4,30.0,0,1.0,1
109,-102.245929301298,56.3156217001916,16.9,123.8,5,1.0,1
110,-116.897941956406,54.2506568579448,6.8,9.0,0,1.0,1
111,-103.964024987946,56.1223833515394,13.2,107.8,1,1.0,1
112,-103.586537109934,56.0067664252576,12.2,10.4,0,1.0,1
113,-104.566501320942,56.0591265983394,13.2,107.8,5,1.0,1
114,-104.495718792445,55.8715180902696,17.6,201.4,5,1.0,1
115,-116.753899836292,54.0788077175187,6.8,9.0,1,1.0,1
116,-71.7732786715591,53.6285413339626,14.6,59.5,0,1.0,0
117,-112.888355079991,54.4904642528818,10.7,27.5,0,1.0,1
118,-72.813842670045,53.5473450850649,11.8,88.0,6,1.0,0
119,-109.571418469631,54.4592921605026,13.0,0.0,1,1.0,1
120,-69.7228587037924,52.2431957218025,14.2,52.1,6,1.0,1
121,-115.706868583915,53.1975392847582,8.7,13.1,0,1.0,1
122,-85.1316269326505,54.7757990760755,14.4,90.8,0,1.0,0
123,-74.2976758795877,52.9129087025106,14.6,59.5,1,1.0,0
124,-72.4025802474676,52.3964987562506,12.2,37.2,0,1.0,0
125,-91.0024826942801,54.7459665697629,14.8,15.5,0,1.0,1
126,-77.613272742771,53.3347145170561,14.7,38.2,0,1.0,1
127,-70.9875483975357,51.948928148249,12.2,37.2,0,1.0,0
128,-88.6318156157897,54.561879593299,17.1,32.0,0,1.0,1
129,-94.0834277446344,54.6754955990655,16.2,42.8,0,1.0,1
130,-115.133938714336,52.6791632968073,10.7,67.7,1,1.0,1
131,-90.8633397297576,54.4755403792064,14.8,15.5,0,1.0,1
132,-73.8694026721331,52.3861871922601,11.8,88.0,0,1.0,0
133,-114.967177704803,52.6246835454804,8.3,87.5,1,1.0,1
134,-74.0143563197869,52.3737271562271,11.8,88.0,6,1.0,0
135,-91.528879776765,54.367908658227,18.4,32.0,0,1.0,1
136,-85.7321269456022,53.9388464482844,14.4,90.8,0,1.0,0
137,-90.1542617287873,54.236099829521,14.8,15.5,0,1.0,1
138,-96.4358566064612,54.2169345312956,18.8,122.6,0,1.0,1
139,-96.3131979508571,54.0902455288326,18.8,122.6,0,1.0,1
140,-77.437923198405,52.6271388239444,12.5,31.2,0,1.0,0
141,-96.6111668158116,53.8901556855711,18.8,122.6,0,1.0,1
142,-115.905924727435,51.7256762235242,11.1,6.0,1,1.0,1
143,-76.5824265022269,52.2007953581761,12.5,31.2,0,1.0,0
144,-91.9890204143392,53.7299149123485,18.4,32.0,0,1.0,1
145,-115.749572361156,51.6777181249572,9.5,1.0,1,1.0,1
146,-93.0178005503886,53.7068354871546,19.0,99.6,0,1.0,1
147,-90.8244525905323,53.6601072555356,17.1,32.0,0,1.0,1
148,-105.041337212129,53.2050193766638,13.3,4.4,1,1.0,1
149,-89.7789820994741,53.4815351005138,17.1,32.0,0,1.0,1
150,-116.749944036982,51.2749716441655,10.9,53.6,7,1.0,1
151,-93.8093676817878,53.5331370157339,19.0,99.6,1,1.0,1
152,-90.5462851967056,53.3750158368993,17.1,32.0,0,1.0,1
153,-90.9344933147357,53.3872220642341,18.4,32.0,0,1.0,1
154,-89.9225269155128,53.2985039738068,17.1,32.0,0,1.0,1
155,-93.66673836327,53.3857002904472,19.0,99.6,0,1.0,1
156,-88.7247703124573,53.1962177686081,18.2,118.6,0,1.0,0
157,-93.0194234918251,53.2823899615314,19.0,99.6,0,1.0,1
158,-91.4052413194062,53.1155691355864,15.8,15.5,0,1.0,1
159,-94.2057319496456,53.1285057926651,19.0,99.6,0,1.0,1
160,-77.3834669188268,51.6193315788781,8.1,67.5,0,1.0,0
161,-93.5104055174894,53.0232165317763,19.0,99.6,0,1.0,1
162,-92.9795628668824,52.8908158164151,19.0,99.6,0,1.0,1
163,-91.1029410519615,52.725425025314,18.4,32.0,0,1.0,1
164,-95.8038528178771,52.793827202673,18.7,40.3,1,1.0,1
165,-93.273792038004,52.8095950024378,19.0,99.6,0,1.0,1
166,-90.0925624712848,52.4780490068428,19.7,97.2,0,1.0,1
167,-95.3510642934498,52.757816034329,19.3,99.6,0,1.0,1
168,-93.5559242126741,52.6552448345632,19.0,99.6,0,1.0,1
169,-89.7467874175538,52.6638448097949,17.1,32.0,0,1.0,1
170,-116.09020999281,50.53663000325,11.0,50.6,7,1.0,1
171,-92.2073978460786,52.638160835798,11.8,23.5,0,1.0,1
172,-82.3805898266174,51.8869372491018,12.0,54.8,0,1.0,1
173,-91.6671836495536,52.586923331406,18.4,32.0,0,1.0,1
174,-77.6350569790701,51.0983626018531,15.1,75.5,0,1.0,0
175,-73.0618777323658,50.1832988226988,16.9,59.0,6,1.0,0
176,-93.0673320365387,52.5550275512764,19.0,99.6,0,1.0,1
177,-89.2703888397003,52.4043245538968,18.2,118.6,0,1.0,1
178,-93.5912924928757,52.4599809425292,19.0,99.6,0,1.0,1
179,-88.5929413830301,52.2449207643516,18.2,118.6,0,1.0,1
180,-94.7740676125433,52.3348608084991,19.3,99.6,0,1.0,1
181,-94.0754627368454,52.3063338284435,19.0,99.6,0,1.0,1
182,-92.5484801061287,52.2774612784346,19.0,99.6,0,1.0,1
183,-94.9637160906209,52.2819552972308,19.3,99.6,1,1.0,1
184,-88.9159135705922,52.0954105042198,11.3,58.8,0,1.0,1
185,-92.0582598544354,52.1904055833317,18.4,32.0,0,1.0,1
186,-93.8239570977565,52.2452409391246,20.4,38.6,8,1.0,1
187,-94.8543227356523,52.2216812146523,19.3,99.6,1,1.0,1
188,-95.2528262216854,52.222403800905,18.7,40.3,1,1.0,1
189,-90.47312427814,52.070521730566,19.6,59.5,0,1.0,1
190,-82.9752821508272,51.5096661567886,16.7,36.8,0,1.0,0
191,-93.0686075258776,52.1226180608619,19.0,99.6,0,1.0,1
192,-92.8809496438757,52.0980913977079,19.0,99.6,0,1.0,1
193,-95.015191991203,52.0882084688445,19.3,99.6,1,1.0,1
194,-89.4057358491924,51.8744945382571,19.7,97.2,0,1.0,0
195,-90.8042415076298,51.9422704219601,19.6,59.5,0,1.0,1
196,-89.292225033722,51.8365636137999,19.7,97.2,0,1.0,0
197,-95.0046537873865,51.9311130942947,20.4,38.6,0,1.0,1
198,-92.664867720017,51.7694102563548,20.0,40.2,0,1.0,1
199,-94.8551387837179,51.7126232180895,20.4,38.6,5,1.0,1
200,-96.3288201044123,51.7589448037628,18.7,40.3,1,1.0,1
201,-79.7251772746813,50.5759276660007,16.4,58.0,0,1.0,1
202,-95.2465784898203,51.6893311221684,20.6,39.4,1,1.0,1
203,-92.4033683726104,51.5199267277592,20.0,40.2,0,1.0,1
204,-92.0997114280304,51.4823901292628,20.6,35.0,0,1.0,1
205,-96.3492935347473,51.5637861614969,22.9,70.3,0,1.0,1
206,-89.8885308125911,51.2025472175571,15.6,73.8,0,1.0,0
207,-90.7847647775174,51.4203320866572,19.6,59.5,0,1.0,1
208,-88.9104072308286,51.2115029332118,17.9,54.0,0,1.0,1
209,-91.9846263151743,51.2168074511878,20.6,35.0,0,1.0,1
210,-94.6691820230014,51.2130843476723,20.4,38.6,0,1.0,1
211,-97.5329325856843,51.3444517844184,6.3,25.6,1,1.0,1
212,-95.5271031679934,51.0811224156439,8.8,32.6,1,1.0,1
213,-95.8756635787942,51.1326001966927,20.6,39.4,1,1.0,1
214,-97.8754038614344,51.1027356110804,13.5,33.8,1,1.0,1
215,-89.6318472046759,50.8278713491501,19.7,97.2,0,1.0,0
216,-89.2612813072028,50.7150324972915,16.2,44.8,0,1.0,0
217,-89.8775912758365,50.7710540684286,18.1,90.0,0,1.0,0
218,-89.2386801033544,50.5616645764747,17.9,54.0,0,1.0,1
219,-89.957324470139,50.462503136799,11.1,50.0,0,1.0,1
220,-90.1420355148657,50.2558680273844,10.1,29.8,0,1.0,1
221,-88.6552683009626,49.8281373999272,18.8,44.6,0,1.0,1
222,-86.6207337200054,49.421780592068,19.1,54.0,0,1.0,1
223,-95.9363895532294,49.7755183966636,21.0,2.4,1,1.0,1
224,-81.6102123911818,47.472379754436,6.7,88.1,1,1.0,0
225,-106.727500600598,56.3375336005895,13.4,35.4,0,1.0,1
226,-123.355536581156,65.3200855251843,13.6,81.0,0,1.0,0
227,-91.5842070515209,51.8741199298816,18.4,32.0,0,1.0,1
228,-93.7799703305509,52.2927412217245,19.0,99.6,0,1.0,1
229,-93.8687368953334,53.8897501629254,19.3,99.6,1,1.0,1
230,-104.322100304306,55.7925110501181,16.6,129.0,1,1.0,1
231,-94.1094856024039,52.54040776987,19.0,99.6,0,1.0,1
232,-89.3670388745775,51.9343632874585,19.7,97.2,0,1.0,0
233,-88.6509832312255,52.1866672960032,11.3,58.8,0,1.0,1
234,-116.373942755908,65.5490846415224,18.7,60.0,0,1.0,0
235,-114.439268999112,58.4649230013062,11.8,18.8,1,1.0,1
236,-130.340775096765,61.8256963643695,1.6,16.4,1,1.0,0
237,-133.299351978419,62.1325750050501,8.1,6.8,0,1.0,0
238,-136.797700366935,62.6706169459878,8.1,14.2,0,1.0,1
239,-138.603678973094,62.8367774933679,14.0,98.7,0,1.0,0
240,-139.019521645754,63.0431659767314,14.0,93.8,0,1.0,0
241,-135.231309946735,65.3281297484836,15.3,107.0,0,1.0,1
242,-119.688134998241,49.0028169958761,18.5,5.0,7,1.0,1
243,-119.511311001042,49.9294729999927,17.4,9.8,7,1.0,1
244,-120.658200121272,49.7835818945603,2.8,34.8,7,1.0,1
245,-119.605900006567,50.4982030030703,15.0,6.0,7,1.0,1
246,-122.009420005706,52.1065000008446,2.6,6.9,1,1.0,1
247,-123.572910004059,52.852979999343,3.9,4.3,1,1.0,1
248,-124.430495992528,53.0832390036615,3.1,3.6,1,1.0,1
249,-125.007938006053,53.6008749995411,3.5,9.8,1,1.0,1
250,-124.696945999451,53.9655010017534,5.6,16.0,1,1.0,1
251,-121.862799995771,56.0597499959415,10.5,97.2,1,1.0,1
252,-120.29336000712,58.8876500014241,14.0,50.9,0,1.0,1
253,-122.296539998007,58.6691199968864,14.3,119.7,0,1.0,1
254,-122.039160003002,59.3743700025102,16.5,58.8,0,1.0,1
255,-123.048999994325,59.383730003599,16.5,58.8,0,1.0,1
256,-78.7573285056036,46.7237200599627,9.2,54.4,9,1.0,1
257,-75.6768028269713,47.0705538987979,16.3,137.6,0,1.0,1
258,-78.4926881876923,50.8425479803574,15.1,75.5,0,1.0,0
259,-69.9783479180158,49.5895676936446,14.1,1.2,0,1.0,1
260,-70.4528219694593,49.7575180418164,14.1,1.2,0,1.0,1
261,-70.689765513917,50.1476589876591,12.8,46.2,0,1.0,1
262,-70.0081240193915,50.1218833358623,12.8,46.2,0,1.0,1
263,-77.9913811614685,52.1072944636382,12.5,31.2,0,1.0,0
264,-69.6362127841161,50.4200607106534,15.5,83.1,0,1.0,0
265,-70.5824043130698,50.8318463702697,12.8,46.2,0,1.0,1
266,-70.3407379644416,50.5784757640016,12.8,46.2,0,1.0,1
267,-67.6798052092718,50.6376669115714,12.7,50.4,0,1.0,1
268,-79.0509202446703,53.5174374560424,14.7,38.2,1,1.0,1
269,-76.6771673627279,53.5235397368229,14.7,38.2,0,1.0,1
270,-104.401345299588,55.8630075996739,13.0,20.3,1,1.0,1
271,-106.064949344848,52.9331092562757,10.7,20.7,1,1.0,1
272,-108.232518810363,54.1548068273855,9.7,14.1,0,1.0,1
273,-106.328050112916,52.8951506759202,10.7,20.7,1,1.0,1
274,-107.78218151183,56.3032921485871,14.8,86.6,0,1.0,1
275,-108.735511622421,56.4784457009955,10.6,13.4,1,1.0,1
276,-105.803774599178,56.849220599494,13.4,35.4,0,1.0,1
277,-107.063232334672,60.0129278369131,13.8,5.6,1,1.0,1
278,-111.382931034184,60.3622360392073,14.9,18.5,1,1.0,1
279,-112.141588169375,60.8126063642685,15.7,86.4,1,1.0,1
280,-109.64121121237,61.12656530963,11.4,43.1,1,1.0,0
281,-121.011889197619,60.7073640268675,12.3,81.4,0,1.0,1
282,-121.019241836456,61.3540840902596,17.9,40.0,0,1.0,1
283,-113.102220469058,63.0455807207663,17.2,43.4,0,1.0,1
284,-116.885299311312,62.7973498117382,12.7,34.2,1,1.0,1
285,-122.868683409084,61.9248466117114,16.5,62.5,0,1.0,1
286,-115.996023950592,64.6884094644372,18.7,60.0,0,1.0,0
287,-116.754596299617,64.0890023423723,18.7,60.0,0,1.0,0
288,-116.885596938326,64.1037019849291,18.7,60.0,0,1.0,0
289,-129.251976023781,66.6044152050823,13.4,16.5,0,1.0,0
290,-131.094716789236,66.3092707654604,13.4,16.5,0,1.0,0
291,-129.417590178591,67.6292661292423,13.1,49.2,0,1.0,0
292,-133.489233453446,68.089869144273,10.5,33.3,0,1.0,0
293,-114.991401549322,51.1272555978372,7.0,144.7,1,1.0,0
294,-115.066102872197,52.4594640117051,8.3,87.5,0,1.0,1
295,-114.88335468165,52.6347904389594,8.3,87.5,1,1.0,1
296,-115.26542506523,53.1459807897471,10.7,67.7,1,1.0,1
297,-113.802603634753,54.4804706411157,11.7,11.5,1,1.0,1
298,-115.311597939451,53.3959413496122,-3.6,6.8,0,1.0,0
299,-113.160356838328,54.9500098991416,5.5,8.0,1,1.0,1
300,-115.695932973899,54.2507115922084,11.2,114.8,0,1.0,1
301,-116.943859223546,54.3825870675934,10.4,45.2,1,1.0,1
302,-116.246400589429,55.1475042202564,11.9,43.9,1,1.0,1
303,-115.413048827001,55.348698204754,9.8,30.6,1,1.0,1
304,-111.020605087409,56.400804519641,13.5,91.8,5,1.0,1
305,-114.095605569055,54.8574759107718,11.1,18.2,0,1.0,1
306,-111.244994525533,56.1566345153116,11.0,18.2,1,1.0,1
307,-118.462242963895,55.8871232675245,11.8,9.4,1,1.0,1
308,-114.57939972148,57.2662601597827,14.4,5.0,0,1.0,1
309,-117.249367639883,55.1575326610887,11.7,7.0,0,1.0,1
310,-110.764751174749,56.4865890439829,14.3,42.6,1,1.0,1
311,-116.767525569088,58.5631536489334,11.3,15.2,1,1.0,1
312,-117.316806002582,58.8971409999039,16.9,119.2,0,1.0,1
313,-111.356717391614,56.4554632527013,16.3,1.5,0,1.0,1
314,-114.149296086679,56.1860053543425,1.6,66.5,0,1.0,0
315,-110.96037113848,56.3770424771014,11.0,18.2,1,1.0,1
316,-113.919819843981,55.9159639306704,12.9,8.8,5,1.0,1
317,-119.894388997617,59.5577740001446,14.3,13.8,0,1.0,1
318,-118.934347999012,59.9270239991759,11.7,63.2,0,1.0,1
319,-116.257876947567,56.5364474082597,7.0,44.3,0,1.0,0
320,-115.806115431544,55.3680311751459,11.9,20.8,5,1.0,1
321,-100.335121955978,53.7134114788917,15.8,65.4,0,1.0,1
322,-96.7751429995336,49.0947440270137,8.7,7.2,1,1.0,1
323,-95.6097884603138,49.1583144642264,4.3,85.4,1,1.0,0
324,-95.2466090614115,50.3340164090884,10.3,80.5,1,1.0,1
325,-95.4638828302218,50.4946956530989,14.3,70.8,1,1.0,1
326,-96.21269537687,50.5884889947555,8.8,32.6,1,1.0,1
327,-97.418890979243,51.4437753792957,12.5,49.2,1,1.0,1
328,-96.0449451470777,51.7367292484045,20.6,39.4,1,1.0,1
329,-98.0001230129145,52.3627799684751,17.7,79.3,1,1.0,1
330,-94.3459623226755,53.7701862175314,16.2,42.8,0,1.0,1
331,-96.7355936980403,49.2738925252225,9.7,20.8,1,1.0,1
332,-94.0231751711012,53.8912385747362,19.3,99.6,1,1.0,1
333,-96.3663570944589,49.1925274604139,9.8,15.6,1,1.0,1
334,-100.211159558058,54.5306198657658,15.8,65.4,1,1.0,1
335,-98.5514405222829,55.1929428631523,18.0,170.2,0,1.0,1
336,-95.7120520890293,55.3641285081397,16.7,104.2,0,1.0,1
337,-96.2111523669359,55.6526999879324,18.7,80.0,0,1.0,1
338,-100.936989311913,55.6089827571781,1.0,37.0,1,1.0,1
339,-98.8957168581659,55.8146691734609,5.8,17.0,0,1.0,1
340,-92.114555396284,55.9135658637195,15.8,15.5,0,1.0,1
341,-100.718437397141,56.0667861564685,1.0,37.0,1,1.0,1
342,-101.775051554978,56.0360569128433,16.9,123.8,0,1.0,1
343,-101.392626046048,58.0030771712707,12.0,11.2,0,1.0,1
344,-101.536218317485,56.0594709801776,17.4,102.6,0,1.0,1
345,-84.3301512671758,46.7683652154113,9.4,112.4,10,1.0,0
346,-91.3980913002402,48.169566099903,11.6,42.2,1,1.0,0
347,-91.4723046998517,48.2268010003417,11.6,42.2,1,1.0,0
348,-94.5817813869631,49.325681686414,19.9,104.8,1,1.0,0
349,-92.0466782468483,51.7250117224636,20.6,35.0,0,1.0,1
350,-86.1265674284877,49.2063170629777,13.1,42.0,10,1.0,0
351,-93.5862721379707,50.233740521202,20.6,118.0,1,1.0,1
352,-84.6473758341102,49.9753928729869,11.5,111.5,0,1.0,0
353,-88.7925505590734,50.4706241613917,12.9,21.2,0,1.0,1
354,-89.7302319151773,51.6536363267247,19.7,97.2,0,1.0,0
355,-81.33537266953,51.5404107170646,16.7,36.8,0,1.0,0
356,-93.9986235309429,52.6651836947782,19.0,99.6,0,1.0,1
357,-82.2820572402776,52.0943439783962,16.7,36.8,0,1.0,1
358,-93.9603542506373,52.8820717585175,19.0,99.6,0,1.0,1
359,-94.7658667386341,52.9165187747119,19.3,99.6,0,1.0,1
360,-82.8401622187142,52.9187547542863,10.9,59.0,0,1.0,0
361,-88.5769989896904,53.6963328595047,17.1,32.0,0,1.0,1
362,-92.7354859932491,52.1811903131373,19.0,99.6,0,1.0,1
363,-92.8194682382701,51.9202532433356,19.0,99.6,0,1.0,1
364,-92.0410002999156,51.9099240005948,16.0,90.5,0,1.0,1
365,-120.039729997936,56.4224899999259,11.4,5.2,1,1.0,1
366,-115.800702508597,55.3284531517696,2.9,8.1,1,1.0,1
367,-111.620723217228,58.5523016407777,-1.2,4.5,5,1.0,0
368,-116.321138830704,53.626080751203,9.5,57.0,0,1.0,1
369,-116.055073431637,56.528272339833,11.7,9.0,1,1.0,1
370,-115.349433128684,55.222977626431,9.8,30.6,1,1.0,1
371,-118.295045000505,59.1938500013766,16.4,114.4,0,1.0,1
372,-116.760084671814,56.3504506245072,7.0,44.3,0,1.0,0
373,-110.89750235049,56.5881691562536,10.8,18.2,1,1.0,1
374,-117.200962000144,59.2662860002735,11.3,15.2,0,1.0,1
375,-116.694791903804,54.0362253109345,6.8,9.0,1,1.0,1
376,-116.175285591377,55.1973635364471,11.9,43.9,1,1.0,1
377,-114.053639977915,55.2356116444892,11.1,18.2,1,1.0,1
378,-113.579203561834,56.5907018199379,17.8,0.0,5,1.0,1
379,-114.880275001198,57.3296979999719,14.4,5.0,1,1.0,1
380,-115.191942580333,53.0091352908086,10.7,67.7,1,1.0,1
381,-113.160090299671,56.9341968205054,11.3,76.7,0,1.0,1
382,-111.899504538274,54.9153726675488,11.6,2.6,1,1.0,1
383,-115.649321920703,55.3201930499949,9.8,30.6,1,1.0,1
384,-110.2202569547,55.0997404511378,10.7,15.0,0,1.0,1
385,-115.895921997431,58.0487089990924,17.9,43.7,1,1.0,1
386,-110.744971917645,55.907993230791,11.7,8.6,1,1.0,1
387,-118.719365000072,58.8111929999633,10.5,31.8,1,1.0,1
388,-115.428700579079,53.3025193857548,9.1,72.8,1,1.0,1
389,-116.887702431228,54.4188452330379,10.4,45.2,1,1.0,1
390,-116.755729302683,54.020800677132,6.8,9.0,0,1.0,1
391,-115.882187788392,55.2816975832509,11.9,43.9,1,1.0,1
392,-115.622650567598,55.9052804607762,11.9,8.9,1,1.0,1
393,-115.089590999542,52.5590223199827,8.3,87.5,1,1.0,1
394,-114.518579999694,58.438927999161,9.8,8.4,1,1.0,1
395,-110.322942588887,54.5387854840799,16.6,42.4,1,1.0,1
396,-112.974831379429,54.9388374894347,11.5,1.0,1,1.0,1
397,-119.419210683122,54.9859852547785,11.3,29.2,0,1.0,1
398,-116.77626765257,54.5858911843704,9.3,53.2,1,1.0,1
399,-114.866343530215,51.1788046599244,3.6,12.4,1,1.0,1
400,-118.697295997842,58.7079710000222,1.2,1.0,1,1.0,1
401,-119.358771220726,54.976214830096,11.3,29.2,1,1.0,1
402,-117.01195469576,54.0384821420406,6.8,9.0,1,1.0,1
403,-110.727786639926,54.5295907400157,11.1,3.6,1,1.0,1
404,-118.766185814012,58.7144549164585,10.5,31.8,1,1.0,1
405,-115.195182790449,54.3558592356245,10.2,49.9,1,1.0,1
406,-119.246989149965,54.2732905802239,7.8,13.6,0,1.0,1
407,-114.89792823693,55.8697109234252,14.3,102.8,0,1.0,1
408,-116.170824098582,55.1888928996576,11.9,43.9,1,1.0,1
409,-117.664785385065,57.8036365506399,10.5,28.4,1,1.0,1
410,-115.018152869622,53.1053748801253,10.7,67.7,1,1.0,1
411,-116.168803897883,55.4132101000707,11.9,43.9,1,1.0,1
412,-118.728640359078,58.712181875799,10.5,31.8,1,1.0,1
413,-113.417620080632,56.9630432200059,12.7,6.0,0,1.0,1
414,-114.919675819813,52.1810250500921,8.3,87.5,1,1.0,1
415,-115.037750892457,57.0999926248497,14.4,5.0,0,1.0,1
416,-114.985237388548,52.6620296200841,8.3,87.5,1,1.0,1
417,-116.078666688301,56.42372322011,4.6,10.9,1,1.0,1
418,-114.559669827544,54.5828126898273,14.8,5.4,1,1.0,1
419,-116.074499841524,56.6037819642196,11.7,9.0,0,1.0,1
420,-115.482795209733,57.3899275997518,14.8,80.6,0,1.0,1
421,-115.611888839817,55.9306061496994,11.9,8.9,1,1.0,1
422,-117.022919999797,59.1865990000432,15.1,55.8,0,1.0,1
423,-115.33444497976,56.417978304542,2.7,1.9,1,1.0,0
424,-114.545916079482,58.4575852010148,9.8,8.4,1,1.0,1
425,-115.020181970216,52.621847360068,8.3,87.5,1,1.0,1
426,-119.496582998658,59.428229999791,15.2,117.6,0,1.0,1
427,-110.73395077046,55.9347956794648,11.7,8.6,1,1.0,1
428,-115.312820045404,55.2586661821526,8.1,32.7,1,1.0,1
429,-114.860423280054,51.1567261501436,-5.1,17.4,1,1.0,0
430,-116.671624680098,54.1722583887907,6.8,9.0,0,1.0,1
431,-116.881589764249,54.3721845465016,10.4,45.2,1,1.0,1
432,-114.105117002048,58.7265320012468,11.8,16.6,1,1.0,1
433,-113.778024203216,55.9378899322738,12.9,8.8,1,1.0,1
434,-114.826986389143,54.4764273387206,11.6,24.3,1,1.0,1
435,-115.657639779898,53.1917900395915,8.7,13.1,1,1.0,1
436,-115.803650767065,53.6567526097986,10.9,52.4,1,1.0,1
437,-115.765514590769,53.8786398942191,13.4,63.8,1,1.0,1
438,-116.680004096008,54.0402279704945,6.8,9.0,0,1.0,1
439,-115.215639149532,51.3739326003462,12.2,16.7,1,1.0,1
440,-119.843552999512,58.750816999504,14.4,50.0,0,1.0,1
441,-114.945754462028,54.4501811109989,11.6,24.3,1,1.0,1
442,-115.430147390603,53.1610132796694,9.1,72.8,0,1.0,1
443,-115.93342000361,49.5847599971933,18.2,21.3,5,1.0,1
444,-120.706659993525,56.2804499996404,2.4,47.3,1,1.0,1
445,-119.832130001194,49.592309996429,21.8,8.0,7,1.0,1
446,-122.015019998389,59.4068400025859,14.9,88.2,0,1.0,1
447,-121.074110003664,58.9965500018241,16.0,40.0,0,1.0,1
448,-114.638339997469,49.284539999298,9.6,0.2,0,1.0,1
449,-120.267609990165,59.5280900018299,15.2,117.6,0,1.0,1
450,-119.737710693719,49.4555716504858,5.2,37.0,7,1.0,1
451,-119.819926998059,49.409125003328,-1.7,102.0,7,1.0,0
452,-120.019172006399,49.1517639978296,14.7,1.0,7,1.0,1
453,-121.021299999922,56.2462699991739,4.3,9.6,1,1.0,1
454,-121.906859996399,58.9803399959153,14.9,88.2,0,1.0,1
455,-121.093441004573,50.2085569959473,1.7,10.0,7,1.0,1
456,-126.524170005334,54.9289400022986,10.3,44.8,1,1.0,1
457,-121.389609999938,55.7162650009951,13.2,188.9,1,1.0,1
458,-124.881353006665,53.8857919990761,14.2,56.3,1,1.0,1
459,-130.998520006276,58.0102400015668,-0.4,7.9,1,1.0,0
460,-120.593581993625,50.9123789977992,15.5,9.4,1,1.0,1
461,-125.261590002034,49.8057700004047,17.2,8.2,1,1.0,1
462,-123.939899993741,53.8989800009477,5.6,16.0,1,1.0,1
463,-120.025841004609,50.6483800030259,19.2,18.8,7,1.0,1
464,-120.279122606827,50.5031046513331,19.2,18.8,7,1.0,1
465,-120.828870005616,56.35486999668,12.4,26.1,1,1.0,1
466,-119.676727193998,50.8143135486921,16.0,15.4,7,1.0,1
467,-120.295353998134,49.8607290006018,16.1,0.4,1,1.0,1
468,-115.542510004204,49.6756100014255,18.4,8.4,7,1.0,1
469,-120.314670001795,59.7683900033331,14.3,13.8,0,1.0,1
470,-120.087769992118,59.8891600040749,14.3,13.8,0,1.0,1
471,-121.30989000493,58.9565500044918,16.5,58.8,1,1.0,1
472,-115.744060005352,49.6220200009162,19.3,32.0,7,1.0,1
473,-117.650539996742,49.2551400023698,6.4,47.1,7,1.0,1
474,-119.687246004856,49.3683810007112,12.6,66.4,7,1.0,1
475,-123.043069994337,49.7378699965288,11.2,60.8,7,1.0,1
476,-118.885951005244,49.8681949971547,15.7,4.7,1,1.0,1
477,-120.994936004365,50.7559430000262,-1.3,27.5,1,1.0,0
478,-119.280848993704,49.5557259994133,16.6,22.0,1,1.0,1
479,-115.702290000925,49.4577099963961,10.1,45.6,7,1.0,1
480,-119.54683999752,49.4841700011616,21.1,9.8,7,1.0,1
481,-128.321776003905,55.0168659989549,4.9,27.4,11,1.0,1
482,-121.422182997035,56.2194720000494,9.2,10.4,1,1.0,1
483,-123.054039996696,59.3643300017009,16.5,58.8,0,1.0,1
484,-119.628238995694,49.8455669989394,19.7,19.6,7,1.0,1
485,-120.61334699971,50.754954001156,13.4,53.6,7,1.0,1
486,-122.093849999183,52.215180003626,2.6,6.9,1,1.0,1
487,-119.747823995898,49.5071620022492,6.9,12.4,7,1.0,1
488,-119.633568994071,50.8051260028293,6.9,34.2,7,1.0,1
489,-121.497807002724,50.9959470035608,15.3,14.0,7,1.0,1
490,-119.517010993852,51.16201500149,16.8,13.4,7,1.0,1
491,-120.462059999805,55.7616999959698,11.8,7.4,1,1.0,1
492,-119.51878899671,49.0831680012575,23.3,0.0,7,1.0,1
493,-122.000730001755,58.9755800004901,14.9,88.2,0,1.0,1
494,-121.131937997808,51.8925640035255,8.9,113.9,1,1.0,0
495,-123.919380005882,52.1485999960782,1.2,11.6,7,1.0,1
496,-122.963088998142,54.6247719969658,12.6,88.6,1,1.0,1
497,-119.928560004548,49.8904900025975,17.6,23.8,7,1.0,1
498,-120.432309998591,59.919740001281,15.2,117.6,0,1.0,1
499,-123.615053995423,53.9846419986532,9.9,69.4,1,1.0,1
500,-121.564860007,51.1075100008833,2.4,21.5,7,1.0,1
501,-121.924619999256,50.6998800000764,18.8,10.2,7,1.0,1
502,-119.724489993075,49.6591199989069,22.5,1.6,7,1.0,1
503,-115.962389996918,49.6187999961459,18.2,21.3,7,1.0,1
504,-126.629139999249,59.7369900029913,8.8,17.4,1,1.0,1
505,-123.343162003136,51.5622550024662,4.5,5.3,1,1.0,1
506,-120.879727997209,50.707493995824,7.6,102.8,7,1.0,0
507,-119.406675997367,49.9090060015534,7.0,25.0,7,1.0,1
508,-122.263112994581,52.6371290008103,4.3,8.3,1,1.0,1
509,-120.090859999069,59.3637500024807,15.2,117.6,0,1.0,1
510,-115.771729995474,49.6151799971881,5.6,47.9,7,1.0,1
511,-115.857850000823,49.6586299972938,5.6,47.9,7,1.0,1
512,-122.113170007375,58.6500000020949,16.5,58.8,0,1.0,1
513,-120.523195002767,50.671755995801,18.4,7.2,1,1.0,1
514,-115.543279996252,49.170639997077,18.3,13.0,1,1.0,1
515,-120.913590002693,51.5608700002864,11.3,26.4,1,1.0,1
516,-120.165479999455,59.2351699974806,15.2,91.4,1,1.0,1
517,-115.928969998894,50.3811700018106,2.3,14.6,7,1.0,1
518,-121.067391004109,50.1787090048888,5.8,18.3,7,1.0,1
519,-120.824833444398,50.0563980167888,5.8,18.3,7,1.0,1
520,-120.979940006884,59.4523200033394,15.1,82.0,0,1.0,1
521,-101.300261923158,55.7708554358798,12.8,6.8,1,1.0,1
522,-93.581494527091,54.1607148344805,15.8,42.8,0,1.0,1
523,-95.9601567311083,54.5772990079754,19.3,99.6,1,1.0,1
524,-98.9318495693263,56.8146994985482,5.8,17.0,0,1.0,0
525,-93.9814426732101,54.7563030369227,19.3,99.6,1,1.0,1
526,-94.7174391887951,56.2913931931731,13.4,30.0,0,1.0,1
527,-96.6306023481428,51.7991132503703,18.7,40.3,1,1.0,1
528,-95.2504460867848,49.7468269262909,7.8,15.0,1,1.0,1
529,-96.1288345699738,56.2497757957281,4.9,0.0,0,1.0,1
530,-101.032012200012,53.1775932991113,5.7,15.8,0,1.0,1
531,-95.2864371940734,54.5892415738406,16.2,42.8,0,1.0,1
532,-96.1424162213043,56.252937186501,4.9,0.0,0,1.0,1
533,-96.8405466288218,52.0037880441633,17.7,79.3,1,1.0,1
534,-95.2577070653158,54.9235255433911,16.2,42.8,0,1.0,1
535,-95.9061970323636,49.7704188886857,3.9,50.2,1,1.0,1
536,-95.5557235524671,49.8601598136933,13.2,90.2,1,1.0,1
537,-95.2896706270139,49.8308518881263,18.6,23.8,1,1.0,1
538,-95.2878364042025,50.6211106029782,20.6,39.4,1,1.0,1
539,-97.3839414212406,53.8543729495732,18.8,122.6,0,1.0,1
540,-95.9133353450381,50.2714060552406,8.5,28.3,1,1.0,1
541,-95.4571862645932,50.6092779188063,20.0,13.5,1,1.0,1
542,-96.1613716834018,49.0996596280444,3.8,32.3,1,1.0,1
543,-96.6829027054248,51.7589275664348,18.7,40.3,1,1.0,1
544,-100.61066676408,54.6573960206902,18.6,149.4,1,1.0,1
545,-95.429384326593,49.7318042023226,18.6,23.8,0,1.0,1
546,-96.1485880362302,50.7439923948826,10.9,63.9,1,1.0,1
547,-101.616580686654,54.8194346489541,15.3,84.6,1,1.0,1
548,-96.9197201256716,54.8565206926414,18.0,170.2,1,1.0,1
549,-94.8632195621481,53.8089931634212,19.3,99.6,0,1.0,1
550,-95.6906883235138,50.9295592277785,20.6,39.4,1,1.0,1
551,-92.0759106089791,55.8495007989153,15.8,15.5,0,1.0,1
552,-97.895343074692,55.3226728027928,18.7,80.0,1,1.0,1
553,-96.5814660038524,51.6448512750963,22.9,70.3,1,1.0,1
554,-94.0884462948127,56.5456277992469,15.3,125.4,0,1.0,1
555,-98.8525029357884,54.6076992414998,18.0,170.2,0,1.0,1
556,-95.9211421152384,49.1676655187997,19.2,37.4,0,1.0,1
557,-94.9384487758301,53.9212461440468,16.2,42.8,0,1.0,1
558,-98.8510013197467,52.1398773388385,15.2,99.6,5,1.0,1
559,-96.5329987705241,51.9831476894322,18.7,40.3,1,1.0,1
560,-101.021092027121,52.9056723089781,5.7,15.8,1,1.0,1
561,-95.6548488795361,52.1783682923859,18.7,40.3,1,1.0,1
562,-96.1941220653622,49.4034428844135,3.8,114.8,5,1.0,1
563,-97.342578174067,52.9951718897116,18.7,40.3,1,1.0,1
564,-96.0418421194572,52.1296037083311,18.7,40.3,1,1.0,1
565,-95.2773914427779,50.0132157990443,18.6,23.8,0,1.0,1
566,-95.9068334842506,49.7604370547462,3.9,50.2,1,1.0,1
567,-100.166262554089,56.7259327976589,13.2,68.9,0,1.0,1
568,-95.8929482108846,50.7440482653308,20.0,13.5,0,1.0,1
569,-101.817149361602,54.7468365825713,19.2,142.8,5,1.0,1
570,-98.5764313989991,56.7937804184606,16.5,133.5,0,1.0,1
571,-94.4532483089132,54.5463946439301,7.7,76.0,0,1.0,0
572,-95.1980752939116,50.6500745250799,20.0,13.5,1,1.0,1
573,-95.421592575063,50.2583623930472,19.6,39.4,0,1.0,1
574,-100.802151321909,54.5960049524323,15.8,65.4,1,1.0,1
575,-98.8705688863381,55.2110508680278,18.0,170.2,1,1.0,1
576,-96.3395060899309,50.2605590339408,8.3,21.8,1,1.0,1
577,-95.4822218446037,51.8012945258424,20.0,13.5,1,1.0,1
578,-97.7543608407678,54.6559288689412,14.9,22.3,0,1.0,1
579,-95.9644737405233,50.2856721896784,8.5,27.0,1,1.0,1
580,-95.7644103497717,51.1553884380459,20.6,39.4,1,1.0,1
581,-96.2951037812465,51.1837928234438,10.8,63.1,0,1.0,1
582,-96.8325703310842,54.9012821046363,5.2,37.1,1,1.0,1
583,-101.755641021434,55.9821036754951,16.9,123.8,1,1.0,1
584,-95.3470359085007,51.0065576675771,10.9,63.9,1,1.0,1
585,-96.6207726257537,52.5576133913112,18.7,40.3,0,1.0,1
586,-96.8039691410239,54.6768867664059,18.0,170.2,0,1.0,1
587,-95.9071802721521,49.7439990793483,13.9,56.0,1,1.0,1
588,-95.284602424055,50.2618221651949,19.6,39.4,0,1.0,1
589,-95.1904464399529,49.8029381375586,7.8,15.0,1,1.0,1
590,-98.899929162764,55.790231041977,13.7,53.0,0,1.0,1
591,-95.2560051204925,50.6907158971228,14.3,70.8,0,1.0,1
592,-96.0415222311453,55.5818761130635,18.7,80.0,0,1.0,1
593,-95.2334299137751,49.7143353533714,7.8,15.0,1,1.0,1
594,-97.3210089444201,53.0071018282798,18.7,40.3,0,1.0,1
595,-94.4429342229505,54.5382866733136,7.7,76.0,0,1.0,0
596,-97.282058629654,52.3337851479088,17.7,79.3,1,1.0,1
597,-95.20559015459,50.5405245027472,20.0,13.5,0,1.0,1
598,-96.3009403209786,51.1814836495427,10.8,63.1,0,1.0,1
599,-95.6814828578581,50.142119665384,19.6,39.4,1,1.0,1
600,-101.156275335772,57.1328557276802,17.4,102.6,0,1.0,1
601,-95.8461995753914,51.4562806412666,20.6,39.4,1,1.0,1
602,-95.420873327282,54.854126343838,19.3,99.6,1,1.0,1
603,-96.1659750130275,52.299149999463,18.7,40.3,1,1.0,1
604,-97.4127184360815,55.736070348693,18.7,80.0,0,1.0,1
605,-101.451831247838,54.6096795053148,18.6,149.4,1,1.0,1
606,-98.4822965601266,55.5389342068547,14.1,24.7,0,1.0,1
607,-97.6996199048371,54.7715523956944,7.3,21.9,1,1.0,1
608,-96.8267683979768,51.1780655369344,14.5,13.6,0,1.0,1
609,-95.7843350968456,50.127937269715,19.6,39.4,1,1.0,1
610,-97.0636210246106,52.3731066268677,8.8,72.9,1,1.0,1
611,-95.4918374455419,50.5757155311759,20.0,13.5,1,1.0,1
612,-96.448149965652,49.5446150119163,19.2,35.0,1,1.0,1
613,-95.1859299210821,49.7423908357169,18.6,23.8,1,1.0,1
614,-101.283308393816,57.2103184006328,17.4,102.6,0,1.0,1
615,-95.642791079051,51.002902052116,20.0,13.5,1,1.0,1
616,-96.1335273376335,56.2490483112845,11.3,47.4,0,1.0,1
617,-95.851558919299,50.6096038747003,20.0,13.5,1,1.0,1
618,-95.4383601444988,51.8470185129356,20.6,39.4,1,1.0,1
619,-95.3742594077358,50.6598910636984,20.0,13.5,0,1.0,1
620,-99.8148445919187,51.6546380902538,19.6,30.6,1,1.0,1
621,-101.174385091372,55.4418244650021,4.2,54.0,1,1.0,1
622,-94.6307423307233,53.8884949729416,19.3,99.6,0,1.0,1
623,-96.23787074674,50.0607257705597,8.3,21.8,1,1.0,1
624,-101.042583144655,56.8579359292463,13.2,68.9,0,1.0,1
625,-95.3763850165687,54.0029011931614,19.3,99.6,0,1.0,1
626,-98.8894305962543,55.7911182167487,13.7,53.0,0,1.0,1
627,-94.4609119261705,54.5457226729666,7.7,76.0,0,1.0,0
628,-98.3722984697614,54.452272432631,14.9,22.3,1,1.0,1
629,-96.3443966489138,50.8206472513299,22.7,13.2,1,1.0,1
630,-94.4613189886493,54.5613447437827,7.7,76.0,0,1.0,0
631,-97.1201595511354,54.1990648159519,18.8,122.6,0,1.0,1
632,-94.3976866977251,53.7362731130134,16.2,42.8,1,1.0,1
633,-93.9127668352744,53.8840040691659,19.3,99.6,0,1.0,1
634,-95.8662829816848,51.1048816771849,20.6,39.4,1,1.0,1
635,-96.298789901102,49.916425135327,20.3,15.7,1,1.0,1
636,-96.7342947498154,52.5993452858862,18.7,40.3,0,1.0,1
637,-95.4246308264982,50.5092267480767,14.3,70.8,0,1.0,1
638,-93.5374620593978,54.1647765266789,15.8,42.8,0,1.0,1
639,-97.894981734519,55.0563862180881,18.0,170.2,0,1.0,1
640,-101.493703967796,54.6154365002773,18.6,149.4,0,1.0,1
641,-97.0310172078947,54.716824579365,18.0,170.2,1,1.0,1
642,-95.383113027072,49.1973450754175,18.5,30.4,1,1.0,1
643,-96.8295613342653,54.9210451819976,18.0,170.2,1,1.0,1
644,-96.982564727912,54.4421374912866,18.0,170.2,0,1.0,1
645,-100.608902178947,54.1855153833348,8.5,29.4,0,1.0,1
646,-95.1771129081064,49.739327040405,20.3,61.6,1,1.0,1
647,-97.247772901906,55.6396579431269,14.2,37.6,0,1.0,1
648,-95.231841012965,51.33932710741,20.0,13.5,1,1.0,1
649,-97.4934155730539,51.4770399308363,8.5,90.0,1,1.0,1
650,-97.7934024113846,54.6462837391134,14.9,22.3,1,1.0,1
651,-99.6256643683584,54.6249484288667,18.0,170.2,0,1.0,1
652,-95.1729464080514,49.7837714970141,20.3,61.6,1,1.0,1
653,-96.4996258728088,53.8390475689507,18.8,122.6,1,1.0,1
654,-101.224545036265,54.629280679389,15.3,84.6,1,1.0,1
655,-95.8835017034437,51.3268585208651,20.0,13.5,1,1.0,1
656,-97.7487437487002,54.661506437776,14.9,22.3,0,1.0,1
657,-98.8807545476793,54.6775770171722,14.9,22.3,0,1.0,1
658,-97.7583314470478,54.0019936706052,15.5,41.0,9,1.0,1
659,-98.070447187338,51.956267339756,18.7,40.3,5,1.0,1
660,-95.8687834100541,51.2182150105165,20.6,39.4,1,1.0,1
661,-93.4750885652387,55.1848128224568,19.0,99.6,0,1.0,1
662,-100.15000192786,54.5039929956075,15.8,65.4,0,1.0,1
663,-95.2421125956492,49.6968269327464,20.3,61.6,1,1.0,1
664,-96.9268261162587,50.0163492179154,12.0,73.0,1,1.0,1
665,-96.4597154307222,51.9229565007079,18.7,40.3,0,1.0,1
666,-95.4379471849669,50.1718266828078,19.6,39.4,1,1.0,1
667,-95.5465394207592,49.7847001455755,18.6,23.8,0,1.0,1
668,-99.5724620602893,56.408503322477,17.4,102.6,0,1.0,1
669,-94.6274087387054,53.8293283052698,16.2,42.8,0,1.0,1
670,-95.3712553114473,52.5566040964654,18.7,40.3,1,1.0,1
671,-97.1445691059854,56.2461763126282,9.3,0.0,0,1.0,1
672,-95.6604465642887,50.1454374561375,21.0,2.4,1,1.0,1
673,-94.6548886648449,53.8239944611473,19.3,99.6,1,1.0,1
674,-95.9071113665544,49.7909926145447,19.6,39.4,1,1.0,1
675,-95.935174708819,51.8784927411803,20.6,39.4,1,1.0,1
676,-95.2942631639394,49.6985021141064,7.8,15.0,1,1.0,1
677,-96.4193402240298,51.9023809008115,18.7,40.3,1,1.0,1
678,-96.0207269622583,51.0876592166531,20.0,13.5,1,1.0,1
679,-95.9066681764963,49.7865805275431,13.9,56.0,1,1.0,1
680,-95.2266645025231,51.4990734658745,20.0,13.5,1,1.0,1
681,-94.4698760909501,53.690967325644,16.2,42.8,1,1.0,1
682,-96.7321889684416,51.9434420130163,17.7,79.3,1,1.0,1
683,-100.334285632766,53.7076760864876,15.8,65.4,0,1.0,1
684,-93.8255096868748,55.0299273144444,19.3,99.6,0,1.0,1
685,-95.3169323217136,49.6907157014692,7.8,15.0,12,1.0,1
686,-96.1364540422127,56.2543364368187,4.9,0.0,0,1.0,1
687,-98.9335210825177,56.7498773202066,5.8,17.0,0,1.0,0
688,-97.0439706026966,52.3685047475234,18.7,40.3,0,1.0,1
689,-95.8807215534616,49.5109926328522,19.2,35.0,1,1.0,1
690,-96.1112162862003,51.1075123577151,20.6,39.4,1,1.0,1
691,-94.5765072322096,56.2842177489512,13.4,30.0,0,1.0,1
692,-96.0876860441988,54.6014222154009,18.0,170.2,0,1.0,1
693,-98.5177051263934,55.5397993516956,16.1,42.4,1,1.0,1
694,-95.853083960007,50.9820558748496,20.6,39.4,1,1.0,1
695,-101.142133780256,55.1719835244962,15.3,84.6,1,1.0,1
696,-95.5202736754315,51.5301831510391,20.0,13.5,1,1.0,1
697,-100.480213520736,55.310415508168,18.6,149.4,1,1.0,1
698,-95.9101250205417,53.8546588720063,19.3,99.6,1,1.0,1
699,-101.429589511417,50.9708716672372,0.8,42.3,1,1.0,0
700,-95.4302385731538,52.4728864281469,18.7,40.3,1,1.0,1
701,-96.4438898191743,51.9512359628253,18.7,40.3,0,1.0,1
702,-95.5064150228908,50.4850147193679,8.8,32.6,1,1.0,1
703,-96.1451622053768,49.1976729927589,19.2,35.0,1,1.0,1
704,-101.783624334214,54.8998475266461,19.1,136.4,0,1.0,1
705,-95.4502496264851,52.0165003421499,15.2,17.2,0,1.0,1
706,-95.4764139079455,49.7937974399747,18.6,23.8,0,1.0,1
707,-101.220485236886,54.93294867996,5.3,61.6,1,1.0,0
708,-94.9179868837574,53.8907636466466,16.2,42.8,1,1.0,1
709,-95.6806495584102,50.1304471246508,19.6,39.4,1,1.0,1
710,-96.2887380957568,50.825628706043,10.8,63.1,1,1.0,1
711,-98.4640747012386,56.0512668974333,16.5,133.5,1,1.0,1
712,-101.724374277295,55.8468020507076,13.9,54.6,1,1.0,1
713,-99.31631442094,53.9823569219598,18.3,134.0,1,1.0,1
714,-94.4375775974384,53.679015990656,19.3,99.6,1,1.0,1
715,-93.991311228293,56.1996073742802,16.7,104.2,0,1.0,1
716,-95.2573145189538,50.848224203955,20.6,39.4,1,1.0,1
717,-95.5123873288338,54.2567670820478,19.3,99.6,1,1.0,1
718,-101.624078629646,52.8307788356384,9.4,73.0,1,1.0,1
719,-95.2446127772167,49.748215824588,20.3,61.6,1,1.0,1
720,-95.9590155028957,50.1849366563235,21.0,19.2,1,1.0,1
721,-96.1174162776212,56.2484927856691,4.9,0.0,1,1.0,1
722,-95.7269588616424,50.1642397209209,19.6,39.4,1,1.0,1
723,-96.7681710102127,52.7033437264668,18.7,40.3,0,1.0,1
724,-100.480513302797,55.2214578066184,18.6,149.4,1,1.0,1
725,-94.8526267122277,53.8163945561129,19.3,99.6,6,1.0,1
726,-95.7284149973861,49.0339838713437,4.3,85.4,1,1.0,0
727,-95.4891277670174,50.0676111138316,19.6,39.4,1,1.0,1
728,-94.5095513389953,54.8233637957158,19.3,99.6,0,1.0,1
729,-97.8749659306356,54.1127914294357,18.8,122.6,0,1.0,1
730,-96.4975867272708,51.4951705603133,22.9,70.3,0,1.0,1
731,-96.4360521180524,52.337591837913,18.7,40.3,1,1.0,1
732,-94.5663558090765,56.272195994903,13.4,30.0,0,1.0,1
733,-95.6440605240106,50.8998819972934,20.0,13.5,1,1.0,1
734,-96.7625872463679,52.0064939409394,18.7,40.3,0,1.0,1
735,-97.0935064235811,52.2329354553558,18.7,40.3,1,1.0,1
736,-94.5836656484905,56.2776914999357,13.4,30.0,0,1.0,1
737,-95.9065898239246,49.7782979657388,19.6,39.4,1,1.0,1
738,-95.7208193888887,54.4870555885153,19.3,99.6,0,1.0,1
739,-95.5994137836887,51.6687221917899,20.6,39.4,1,1.0,1
740,-95.4173025020331,51.4032713483712,20.0,13.5,1,1.0,1
741,-95.4346868432083,50.7037224291533,20.0,13.5,1,1.0,1
742,-95.4760038007412,50.4826599840532,14.3,70.8,1,1.0,1
743,-96.5398958098234,51.9882140503892,18.7,40.3,1,1.0,1
744,-95.5902244258704,51.9128928297195,20.6,39.4,1,1.0,1
745,-101.080003128034,52.4950042807032,9.4,73.0,1,1.0,1
746,-98.6337963993358,56.0518221976754,5.8,17.0,1,1.0,1
747,-95.2633492935656,50.1059075894673,18.6,23.8,1,1.0,1
748,-95.4706722851889,52.0094591587413,8.8,72.9,1,1.0,1
749,-95.9454660484743,49.6475253127293,9.8,15.6,1,1.0,1
750,-92.4628641231701,55.9290893708242,16.7,104.2,1,1.0,1
751,-96.8624887853831,54.3866057739405,18.0,170.2,1,1.0,1
752,-96.9287812588072,51.3621023159239,19.8,36.6,0,1.0,1
753,-100.174585839627,54.7748041483196,15.3,84.6,1,1.0,1
754,-98.1110176911577,55.5157118575915,14.2,37.6,0,1.0,1
755,-95.4190595122924,50.4882156278215,20.0,13.5,1,1.0,1
756,-96.1569133607056,49.6557351798242,19.5,21.2,12,1.0,1
757,-96.1249162784526,56.2515483296439,9.3,0.0,1,1.0,1
758,-120.514011381039,61.2900853202418,14.6,81.4,0,1.0,1
759,-123.091796809891,65.3561350186838,13.6,81.0,0,1.0,0
760,-128.420538196101,66.2238468000344,13.4,16.5,0,1.0,0
761,-105.914711225802,55.0671317932965,14.3,95.8,0,1.0,1
762,-116.35,70.63,-19.2,13.9,0,0.0,0
763,-71.88,65.61,-23.2,1.0,0,0.0,0
764,-94.97,64.39,-27.0,7.4,0,0.0,0
765,-77.79,49.83,-17.1,32.0,0,0.0,0
766,-119.38,51.59,11.2,49.6,0,0.0,1
767,-99.29,61.16,-21.8,6.1,0,0.0,0
768,-105.49,63.56,4.3,15.5,0,0.0,0
769,-91.09,51.74,-10.7,31.7,0,0.0,0
770,-93.77,69.66,8.7,2.6,0,0.0,0
771,-71.83,50.64,4.7,54.1,6,0.0,0
772,-128.12,63.36,1.6,16.4,1,0.0,0
773,-134.49,68.58,-21.0,11.8,0,0.0,0
774,-98.48,57.98,13.9,136.4,0,0.0,1
775,-115.46,58.87,-16.8,16.7,1,0.0,0
776,-59.0,54.83,-15.3,45.2,0,0.0,0
777,-89.21,65.04,-24.5,2.6,0,0.0,0
778,-60.76,55.45,-8.4,43.2,0,0.0,0
779,-77.24,45.37,8.9,64.8,9,0.0,1
780,-92.57,49.43,13.1,53.0,10,0.0,0
781,-101.6,70.17,7.3,7.0,0,0.0,0
782,-84.76,54.14,4.9,17.5,5,0.0,0
783,-117.12,51.18,5.5,65.2,1,0.0,1
784,-110.96,70.97,-30.1,5.4,0,0.0,0
785,-77.52,44.41,22.6,131.8,9,0.0,0
786,-96.0,49.12,15.7,57.4,1,0.0,1
787,-104.28,61.95,-4.4,15.0,0,0.0,0
788,-85.37,50.42,-11.0,22.9,6,0.0,0
789,-107.24,59.31,13.2,11.6,1,0.0,1
790,-125.86,54.45,-5.1,42.9,1,0.0,0
791,-121.6,48.76,1.8,94.4,7,0.0,0
792,-115.41,66.45,-21.2,7.6,0,0.0,0
793,-67.85,51.99,8.6,84.4,0,0.0,0
794,-59.98,54.85,-11.7,97.0,0,0.0,0
795,-114.16,54.84,-10.9,5.1,1,0.0,0
796,-74.89,54.32,11.8,88.0,6,0.0,0
797,-72.59,59.09,12.9,66.5,0,0.0,0
798,-93.29,67.56,9.1,2.6,0,0.0,0
799,-109.1,71.23,0.5,44.4,0,0.0,0
800,-74.54,65.04,-15.8,5.5,0,0.0,0
801,-133.56,68.87,-22.0,18.0,0,0.0,0
802,-129.38,56.28,6.0,47.4,1,0.0,0
803,-113.48,49.06,-9.3,44.4,7,0.0,0
804,-88.47,65.6,-30.4,4.4,0,0.0,0
805,-81.69,43.02,23.9,47.2,13,0.0,0
806,-104.58,56.63,1.6,28.5,0,0.0,0
807,-125.91,64.05,-18.9,3.8,1,0.0,0
808,-57.25,50.27,-3.5,44.0,1,0.0,0
809,-76.51,72.96,-25.5,6.5,0,0.0,0
810,-76.01,60.22,-26.7,9.2,0,0.0,0
811,-124.62,59.47,-14.9,17.2,1,0.0,0
812,-97.01,54.67,-6.9,23.7,1,0.0,0
813,-65.35,54.37,-10.0,81.0,0,0.0,0
814,-120.11,67.23,3.5,13.5,0,0.0,0
815,-98.22,66.74,-16.3,10.3,0,0.0,0
816,-60.56,46.23,11.3,115.8,1,0.0,1
817,-81.54,51.26,-0.4,68.6,0,0.0,0
818,-115.13,55.74,5.4,9.6,1,0.0,1
819,-119.71,62.42,10.3,39.2,1,0.0,1
820,-81.04,71.06,0.5,44.7,0,0.0,0
821,-85.17,47.98,12.4,87.8,1,0.0,0
822,-105.67,56.55,-25.3,29.1,0,0.0,0
823,-132.45,65.29,-16.6,9.8,0,0.0,0
824,-76.49,72.34,-16.4,7.3,0,0.0,0
825,-88.05,54.71,-8.4,3.6,0,0.0,0
826,-80.23,48.0,13.0,90.9,0,0.0,0
827,-66.97,45.48,-1.0,0.0,1,0.0,0
828,-101.98,64.34,15.2,22.6,0,0.0,0
829,-128.98,59.63,-17.9,0.3,1,0.0,0
830,-108.88,61.08,2.4,17.7,0,0.0,0
831,-119.44,56.5,12.8,21.2,1,0.0,1
832,-72.35,50.78,4.7,54.1,0,0.0,0
833,-59.72,51.1,-7.0,104.8,1,0.0,0
834,-59.68,53.12,-2.0,67.0,0,0.0,0
835,-102.92,65.64,-5.6,17.9,0,0.0,0
836,-84.43,65.36,-26.6,1.0,0,0.0,0
837,-108.61,53.91,9.7,14.1,0,0.0,1
838,-122.34,60.06,1.1,13.5,1,0.0,0
839,-116.83,65.56,-19.9,17.0,0,0.0,0
840,-102.99,61.56,7.8,11.8,0,0.0,0
841,-91.75,48.13,-12.6,12.5,14,0.0,0
842,-117.16,66.53,13.3,34.2,0,0.0,0
843,-86.52,67.29,-6.5,0.6,0,0.0,0
844,-96.36,58.91,0.3,1.2,0,0.0,0
845,-81.32,46.53,19.1,66.3,1,0.0,0
846,-86.09,46.93,14.2,43.6,7,0.0,1
847,-126.22,67.56,15.6,73.1,0,0.0,0
848,-123.97,66.42,7.5,58.9,0,0.0,0
849,-88.4,52.77,16.2,57.5,0,0.0,1
850,-121.11,58.73,16.5,58.8,1,0.0,1
851,-63.25,52.28,3.6,19.5,0,0.0,0
852,-94.61,52.31,-5.2,30.0,0,0.0,0
853,-77.37,59.51,-3.0,1.0,0,0.0,0
854,-114.45,49.56,11.3,5.8,1,0.0,1
855,-99.22,58.73,-27.4,9.4,0,0.0,0
856,-86.47,53.16,8.2,5.4,0,0.0,0
857,-102.82,60.15,11.8,47.1,0,0.0,1
858,-85.86,53.59,13.9,98.1,0,0.0,0
859,-117.98,59.33,2.9,12.2,0,0.0,0
860,-88.46,51.23,-12.4,16.2,0,0.0,0
861,-120.61,62.47,10.3,39.2,1,0.0,1
862,-105.6,62.94,4.3,15.5,0,0.0,0
863,-99.95,51.79,-17.3,10.4,1,0.0,0
864,-117.89,54.43,-4.3,19.5,0,0.0,0
865,-107.55,51.04,19.1,26.0,1,0.0,1
866,-70.79,54.22,12.2,37.2,0,0.0,0
867,-115.45,54.34,9.8,179.0,0,0.0,1
868,-120.18,53.65,-13.2,22.5,1,0.0,0
869,-110.25,63.11,-17.5,23.9,0,0.0,0
870,-68.68,55.41,-17.4,63.0,0,0.0,0
871,-66.43,53.73,-17.4,83.5,0,0.0,0
872,-102.56,66.12,-16.9,9.8,0,0.0,0
873,-75.7,44.97,16.7,32.6,8,0.0,0
874,-63.24,45.11,5.2,156.6,0,0.0,0
875,-110.51,50.88,18.0,36.2,7,0.0,1
876,-131.86,57.24,-11.4,31.8,11,0.0,0
877,-105.95,62.73,-24.8,9.5,0,0.0,0
878,-97.62,51.22,2.3,56.5,1,0.0,0
879,-123.18,48.13,14.2,6.6,7,0.0,1
880,-85.36,68.17,-26.3,4.4,0,0.0,0
881,-133.05,65.31,15.5,18.0,1,0.0,0
882,-86.41,53.28,16.2,57.5,0,0.0,1
883,-57.18,51.47,9.1,88.2,1,0.0,0
884,-110.57,54.37,11.1,3.6,1,0.0,1
885,-67.17,52.22,-14.1,75.7,6,0.0,0
886,-63.16,55.35,2.5,54.8,0,0.0,0
887,-102.77,54.8,9.9,40.4,0,0.0,1
888,-88.41,55.9,-19.2,16.8,0,0.0,0
889,-74.29,50.79,-1.1,117.0,6,0.0,0
890,-62.83,55.97,-9.6,77.7,0,0.0,0
891,-100.16,55.34,5.3,61.6,1,0.0,0
892,-127.87,55.78,10.1,102.8,11,0.0,0
893,-65.52,44.73,19.3,75.2,9,0.0,1
894,-123.95,56.76,-0.2,76.6,1,0.0,0
895,-125.6,62.3,7.8,15.3,1,0.0,1
896,-120.67,58.19,-10.7,47.4,0,0.0,0
897,-92.19,54.76,16.0,90.5,0,0.0,0
898,-115.36,60.09,-18.5,10.0,1,0.0,0
899,-107.59,60.32,-15.4,25.8,0,0.0,0
900,-76.65,44.87,12.7,109.2,9,0.0,1
901,-86.64,66.27,-30.4,4.4,0,0.0,0
902,-56.07,52.05,4.6,23.0,0,0.0,0
903,-130.32,63.52,1.0,62.5,1,0.0,0
904,-100.0,57.85,-14.9,7.1,0,0.0,0
905,-74.32,71.9,-35.4,0.8,0,0.0,0
906,-88.17,50.51,2.2,1.5,0,0.0,0
907,-101.47,63.4,-15.7,3.6,0,0.0,0
908,-120.95,52.91,-3.7,60.8,1,0.0,0
909,-98.15,73.99,-9.4,4.9,0,0.0,0
910,-128.91,66.58,13.4,16.5,0,0.0,0
911,-116.55,63.59,-18.5,17.0,0,0.0,0
912,-137.48,63.04,-20.3,56.7,0,0.0,0
913,-63.34,51.35,-4.6,64.2,0,0.0,0
914,-121.68,61.66,-18.1,28.2,0,0.0,0
915,-139.37,61.46,-1.6,9.8,1,0.0,0
916,-123.38,62.4,0.7,16.6,0,0.0,0
917,-121.21,51.2,-6.6,38.0,7,0.0,0
918,-75.13,69.02,-21.8,4.8,0,0.0,0
919,-103.59,60.63,15.0,83.6,0,0.0,1
920,-65.88,49.08,3.7,45.1,1,0.0,0
921,-90.46,53.07,14.8,15.5,6,0.0,1
922,-121.86,64.23,-25.3,44.7,0,0.0,0
923,-115.35,48.91,14.6,1.0,0,0.0,1
924,-90.65,50.07,1.0,66.0,0,0.0,0
925,-93.81,55.84,-9.4,39.6,0,0.0,0
926,-119.92,57.74,-12.5,34.5,0,0.0,0
927,-109.76,70.18,-30.1,5.4,0,0.0,0
928,-121.07,54.71,-0.5,63.0,1,0.0,0
929,-83.42,41.86,21.2,22.6,13,0.0,0
930,-74.08,52.21,-20.4,33.0,0,0.0,0
931,-88.49,50.67,-12.0,6.6,0,0.0,0
932,-120.33,48.86,18.6,37.4,1,0.0,1
933,-114.82,49.68,-0.6,55.5,7,0.0,0
934,-129.35,53.56,13.7,432.8,8,0.0,0
935,-133.3,59.36,-8.4,50.6,1,0.0,0
936,-86.72,51.55,18.2,118.6,0,0.0,0
937,-115.77,64.21,-18.6,10.6,0,0.0,0
938,-77.22,46.35,9.4,50.6,11,0.0,1
939,-118.48,49.26,15.1,54.0,7,0.0,1
940,-70.84,51.79,14.3,79.5,0,0.0,0
941,-110.55,50.7,18.6,36.0,1,0.0,1
942,-90.74,47.94,-7.8,19.9,10,0.0,0
943,-102.24,60.68,8.2,10.9,0,0.0,0
944,-110.15,66.09,-19.9,7.7,0,0.0,0
945,-134.63,64.26,-23.3,9.0,0,0.0,0
946,-72.13,67.27,-28.9,16.0,0,0.0,0
947,-76.53,45.15,1.0,83.8,9,0.0,0
948,-74.3,46.49,3.7,70.8,1,0.0,1
949,-94.96,72.81,-19.8,27.3,0,0.0,0
950,-69.48,57.08,-6.2,21.2,0,0.0,0
951,-87.67,67.01,-13.8,7.3,0,0.0,0
952,-94.57,57.64,1.0,64.2,0,0.0,0
953,-84.7,46.02,9.4,112.4,1,0.0,0
954,-102.61,53.9,-6.5,24.4,5,0.0,0
955,-135.06,67.68,4.3,14.4,0,0.0,0
956,-72.18,46.95,-11.1,26.6,1,0.0,0
957,-105.78,72.31,-29.6,5.6,0,0.0,0
958,-121.37,54.59,14.7,6.4,1,0.0,1
959,-101.01,49.24,2.4,48.1,0,0.0,1
960,-119.86,53.14,5.5,74.6,1,0.0,1
961,-87.27,66.04,-13.8,7.3,0,0.0,0
962,-118.65,57.58,-16.4,11.3,1,0.0,0
963,-141.5,65.4,10.9,67.6,0,0.0,1
964,-95.35,73.76,-27.2,4.6,0,0.0,0
965,-142.06,66.12,4.6,2.8,0,0.0,0
966,-132.45,54.05,13.8,119.0,8,0.0,0
967,-113.03,50.44,13.6,70.3,7,0.0,1
968,-91.41,69.71,-36.2,1.0,0,0.0,0
969,-97.41,57.69,-19.6,7.4,0,0.0,0
970,-76.88,72.62,-35.4,0.8,0,0.0,0
971,-112.22,51.77,-4.4,7.8,1,0.0,0
972,-131.35,67.16,13.4,16.5,0,0.0,0
973,-87.93,50.3,17.9,54.0,0,0.0,1
974,-104.77,51.71,-16.0,18.6,1,0.0,0
975,-129.77,62.16,-13.1,61.3,0,0.0,0
976,-112.51,55.66,-14.7,81.0,0,0.0,0
977,-56.51,50.88,1.0,109.1,6,0.0,0
978,-117.1,50.37,4.9,57.2,7,0.0,1
979,-119.22,52.18,5.0,146.8,8,0.0,0
980,-71.78,47.87,15.7,91.8,1,0.0,0
981,-134.82,67.34,13.1,0.0,0,0.0,0
982,-111.83,52.41,16.1,15.1,1,0.0,1
983,-115.12,55.95,10.3,3.2,1,0.0,1
984,-75.97,58.88,6.6,23.8,0,0.0,0
985,-135.9,65.49,4.3,14.4,1,0.0,0
986,-108.05,51.07,17.8,48.4,1,0.0,1
987,-75.37,46.75,1.6,69.0,10,0.0,0
988,-57.4,52.66,-9.3,45.2,0,0.0,0
989,-95.71,53.01,-22.2,8.8,0,0.0,0
990,-98.2,54.29,18.0,170.2,1,0.0,1
991,-67.22,57.93,7.3,46.8,0,0.0,0
992,-71.42,58.23,-22.2,2.7,0,0.0,0
993,-99.69,50.42,14.5,26.0,1,0.0,1
994,-76.51,46.41,4.3,66.0,1,0.0,0
995,-102.42,59.78,13.0,39.6,0,0.0,1
996,-105.76,58.91,-21.3,2.4,1,0.0,0
997,-57.06,48.23,15.3,40.7,0,0.0,1
998,-84.85,49.26,-11.0,22.9,0,0.0,0
999,-83.44,70.47,-28.6,6.4,0,0.0,0
1000,-123.57,54.92,11.1,42.8,1,0.0,1
1001,-112.56,58.59,-23.0,23.9,1,0.0,0
1002,-88.01,54.24,-8.4,3.6,1,0.0,0
1003,-116.7,59.96,-18.0,13.8,1,0.0,0
1004,-73.92,46.97,14.1,133.5,10,0.0,1
1005,-121.51,51.44,2.4,21.5,1,0.0,1
1006,-129.99,64.06,10.3,68.2,1,0.0,0
1007,-69.29,58.29,1.5,51.6,0,0.0,0
1008,-96.98,52.87,15.2,17.2,5,0.0,1
1009,-74.14,49.26,14.1,67.8,0,0.0,0
1010,-118.15,50.62,15.6,73.0,1,0.0,1
1011,-128.11,63.83,-9.2,49.4,0,0.0,0
1012,-102.84,48.62,-14.3,18.4,1,0.0,0
1013,-95.46,71.7,-28.5,2.9,0,0.0,0
1014,-75.78,53.18,-15.1,14.0,0,0.0,0
1015,-118.68,63.85,18.7,60.0,0,0.0,0
1016,-112.56,49.8,-1.3,4.8,1,0.0,0
1017,-122.76,59.63,-16.5,34.8,0,0.0,0
1018,-105.72,67.25,-31.2,5.4,0,0.0,0
1019,-133.73,67.12,-20.3,8.4,0,0.0,0
1020,-95.27,63.21,-26.1,14.3,0,0.0,0
1021,-99.15,63.98,-27.8,3.6,0,0.0,0
1022,-110.43,62.8,-27.6,3.5,0,0.0,0
1023,-108.82,51.22,-5.3,33.8,1,0.0,0
1024,-133.26,60.8,-16.5,22.1,1,0.0,0
1025,-140.07,63.08,-24.6,19.4,0,0.0,0
1026,-92.14,54.79,-2.9,39.5,0,0.0,0
1027,-77.05,46.98,12.2,27.0,0,0.0,0
1028,-91.56,63.19,-2.1,84.8,0,0.0,0
1029,-74.09,60.01,1.1,96.8,0,0.0,0
1030,-107.51,57.14,17.1,58.2,1,0.0,1
1031,-78.83,53.8,9.7,108.2,0,0.0,0
1032,-71.39,68.11,-22.2,61.8,0,0.0,0
1033,-87.93,68.2,12.0,3.9,0,0.0,0
1034,-75.47,56.82,12.9,66.5,0,0.0,1
1035,-69.19,50.75,15.5,83.1,0,0.0,0
1036,-103.12,53.93,-6.9,9.8,5,0.0,0
1037,-96.67,56.66,-20.2,14.0,0,0.0,0
1038,-95.98,51.72,8.8,32.6,1,0.0,1
1039,-93.17,65.01,-2.1,84.8,0,0.0,0
1040,-87.82,66.71,-5.4,26.2,0,0.0,0
1041,-113.69,66.58,-22.0,4.1,0,0.0,0
1042,-60.46,53.48,15.7,114.4,0,0.0,0
1043,-140.31,64.03,-1.8,4.5,1,0.0,0
1044,-122.62,51.43,11.0,95.2,1,0.0,0
1045,-119.56,50.58,17.4,44.7,1,0.0,1
1046,-82.56,72.27,1.0,27.7,0,0.0,0
1047,-66.99,54.44,-10.0,81.0,1,0.0,0
1048,-117.21,48.78,12.4,73.2,11,0.0,1
1049,-78.64,48.51,-14.0,33.6,6,0.0,0
1050,-99.27,61.65,-23.2,5.3,0,0.0,0
1051,-65.39,51.96,-15.2,107.6,0,0.0,0
1052,-86.42,52.48,18.2,118.6,0,0.0,1
1053,-128.42,54.41,12.4,203.3,11,0.0,0
1054,-73.47,45.42,-7.9,30.5,6,0.0,0
1055,-82.12,50.42,-15.8,30.0,0,0.0,0
1056,-74.34,48.75,9.3,82.2,6,0.0,0
1057,-57.91,47.74,1.3,53.0,0,0.0,0
1058,-115.08,60.18,12.2,14.6,1,0.0,1
1059,-124.89,59.09,11.8,54.8,1,0.0,1
1060,-128.33,54.38,4.9,27.4,11,0.0,1
1061,-127.13,58.56,-11.1,39.0,0,0.0,0
1062,-125.6,49.53,-0.4,185.8,11,0.0,0
1063,-97.46,56.94,-24.8,9.4,0,0.0,0
1064,-70.65,58.5,-11.2,10.4,0,0.0,0
1065,-123.54,54.66,5.8,3.5,1,0.0,1
1066,-78.81,54.2,12.5,31.2,0,0.0,0
1067,-106.32,71.71,1.1,39.6,0,0.0,0
1068,-128.42,61.76,-15.6,9.2,1,0.0,0
1069,-119.96,62.31,15.1,82.0,0,0.0,0
1070,-119.79,72.68,9.9,2.9,0,0.0,0
1071,-108.59,62.4,16.6,31.1,0,0.0,1
1072,-105.53,50.93,19.7,37.1,1,0.0,1
1073,-91.64,47.84,-18.0,27.3,1,0.0,0
1074,-82.34,51.51,-16.4,37.0,5,0.0,0
1075,-86.13,48.6,-6.6,36.9,1,0.0,0
1076,-111.93,59.13,2.1,16.1,5,0.0,0
1077,-66.16,53.04,13.7,170.6,6,0.0,0
1078,-121.97,57.72,1.0,0.0,1,0.0,0
1079,-126.55,59.44,0.0,1.0,1,0.0,0
1080,-128.17,69.28,9.4,39.4,0,0.0,0
1081,-84.29,46.18,14.1,129.1,9,0.0,1
1082,-77.35,44.13,17.9,94.1,8,0.0,0
1083,-107.75,60.36,-11.1,27.0,0,0.0,0
1084,-83.9,55.09,-19.2,16.8,0,0.0,0
1085,-96.91,59.06,-12.2,0.0,0,0.0,0
1086,-113.76,60.44,2.3,6.0,1,0.0,0
1087,-123.77,65.92,7.5,58.9,0,0.0,0
1088,-97.7,60.75,13.9,136.4,0,0.0,1
1089,-120.44,57.06,-10.7,47.4,1,0.0,0
1090,-129.17,68.24,13.1,49.2,0,0.0,0
1091,-73.73,65.94,-17.6,12.1,0,0.0,0
1092,-92.49,56.06,1.0,64.2,0,0.0,0
1093,-127.48,58.32,9.6,44.0,1,0.0,1
1094,-74.46,46.6,18.1,158.0,1,0.0,1
1095,-59.84,51.68,-0.1,114.5,0,0.0,0
1096,-101.06,62.19,-15.7,3.6,0,0.0,0
1097,-72.16,50.13,16.5,1.0,0,0.0,1
1098,-64.18,50.67,14.3,137.3,0,0.0,0
1099,-119.59,51.92,5.0,146.8,8,0.0,0
1100,-98.66,58.21,10.9,9.8,0,0.0,0
1101,-109.11,51.14,17.9,100.0,1,0.0,1
1102,-125.16,65.32,-21.1,49.9,0,0.0,0
1103,-118.11,54.07,-6.5,20.8,0,0.0,0
1104,-62.45,51.94,3.6,19.5,0,0.0,0
1105,-63.5,44.66,2.2,158.2,0,0.0,0
1106,-119.01,57.83,2.1,49.6,1,0.0,1
1107,-104.2,69.26,-28.9,5.6,0,0.0,0
1108,-74.9,45.44,8.2,114.0,9,0.0,1
1109,-82.05,70.52,-14.6,9.2,0,0.0,0
1110,-117.64,62.07,18.2,95.4,1,0.0,1
1111,-81.4,43.51,10.7,119.5,8,0.0,0
1112,-88.78,67.17,-13.8,7.3,0,0.0,0
1113,-106.27,54.73,13.6,7.5,5,0.0,1
1114,-85.71,53.68,4.9,17.5,0,0.0,0
1115,-107.68,55.16,14.8,86.6,1,0.0,1
1116,-67.88,57.09,-11.2,10.4,0,0.0,0
1117,-82.85,67.11,-23.6,10.2,0,0.0,0
1118,-83.77,47.33,19.5,40.2,0,0.0,0
1119,-120.66,60.42,10.3,39.2,0,0.0,1
1120,-124.92,69.13,-22.1,26.1,0,0.0,0
1121,-121.57,50.29,1.1,27.2,7,0.0,1
1122,-101.5,52.08,-15.3,12.4,1,0.0,0
1123,-89.33,66.67,-29.4,1.3,0,0.0,0
1124,-74.11,58.73,12.5,29.1,0,0.0,0
1125,-77.13,54.85,-7.5,63.0,1,0.0,0
1126,-101.17,62.33,-23.2,5.3,0,0.0,0
1127,-105.62,56.54,-15.9,13.9,0,0.0,0
1128,-106.12,57.68,13.8,30.4,0,0.0,1
1129,-68.36,56.49,7.3,46.8,0,0.0,0
1130,-107.78,57.39,5.7,15.7,1,0.0,1
1131,-117.64,56.37,2.5,20.8,1,0.0,1
1132,-63.24,46.28,15.6,28.0,9,0.0,1
1133,-114.01,60.73,-5.8,5.3,1,0.0,0
1134,-100.4,67.79,0.7,36.1,0,0.0,0
1135,-74.37,54.4,11.8,88.0,6,0.0,0
1136,-109.23,57.41,-15.6,22.8,1,0.0,0
1137,-106.24,50.57,-4.3,5.0,1,0.0,0
1138,-104.55,59.22,6.3,6.0,0,0.0,1
1139,-85.03,46.69,14.1,129.1,8,0.0,1
1140,-68.59,46.88,1.2,82.9,8,0.0,0
1141,-130.31,65.33,-22.4,2.2,0,0.0,0
1142,-58.5,51.14,15.4,53.2,0,0.0,1
1143,-93.48,64.8,-27.7,16.1,0,0.0,0
1144,-105.62,58.57,-10.5,7.0,0,0.0,0
1145,-126.25,69.03,12.4,107.6,0,0.0,0
1146,-127.01,56.52,-7.5,89.4,1,0.0,0
1147,-117.71,62.76,7.4,7.4,1,0.0,1
1148,-115.57,56.84,2.7,1.9,0,0.0,0
1149,-87.51,64.86,12.2,3.6,0,0.0,0
1150,-138.09,59.14,-7.7,69.0,11,0.0,0
1151,-77.13,49.72,17.1,89.5,1,0.0,0
1152,-130.43,60.9,-17.9,58.6,1,0.0,0
1153,-141.7,62.23,12.0,77.4,1,0.0,0
1154,-104.17,66.83,1.1,44.4,0,0.0,0
1155,-78.47,48.78,-10.4,19.1,10,0.0,0
1156,-102.33,61.27,7.8,11.8,0,0.0,0
1157,-137.13,61.67,5.5,23.5,0,0.0,0
1158,-93.29,70.82,-24.2,0.4,0,0.0,0
1159,-85.0,63.83,-20.9,36.0,0,0.0,0
1160,-62.76,50.83,-7.6,26.1,0,0.0,0
1161,-114.09,57.73,11.8,18.8,1,0.0,1
1162,-121.18,63.56,17.9,40.0,1,0.0,1
1163,-116.14,60.27,-13.7,35.0,1,0.0,0
1164,-96.13,52.47,-10.6,17.1,1,0.0,0
1165,-91.94,67.54,-35.2,1.0,0,0.0,0
1166,-97.66,60.17,-23.3,14.0,0,0.0,0
1167,-58.77,52.76,-2.0,67.0,0,0.0,0
1168,-131.32,56.24,-3.4,181.8,11,0.0,0
1169,-108.2,52.48,-13.3,1.1,1,0.0,0
1170,-80.28,51.16,5.8,54.7,0,0.0,0
1171,-95.66,50.79,-8.2,24.7,1,0.0,0
1172,-81.31,49.69,11.5,84.4,0,0.0,0
1173,-117.7,51.0,-0.2,252.1,0,0.0,0
1174,-73.2,53.46,-5.9,37.5,0,0.0,0
1175,-103.93,56.78,16.6,129.0,0,0.0,1
1176,-99.07,58.72,13.2,14.3,0,0.0,1
1177,-106.93,68.43,-28.4,5.6,0,0.0,0
1178,-67.39,52.02,13.9,153.7,0,0.0,0
1179,-78.81,47.78,-8.6,55.0,1,0.0,0
1180,-93.58,70.31,3.3,45.8,0,0.0,0
1181,-68.87,52.28,13.9,153.7,0,0.0,0
1182,-102.31,65.04,-26.4,20.5,0,0.0,0
1183,-89.53,72.64,-9.4,4.3,0,0.0,0
1184,-59.4,52.12,-7.6,99.0,0,0.0,0
1185,-77.16,49.92,11.1,106.0,0,0.0,0
1186,-106.31,60.55,14.2,118.4,0,0.0,1
1187,-117.54,62.41,7.4,7.4,1,0.0,1
1188,-63.8,51.17,-7.6,26.1,0,0.0,0
1189,-117.48,59.96,-14.4,6.2,0,0.0,0
1190,-84.69,49.71,16.6,64.2,0,0.0,0
1191,-124.89,60.55,0.7,16.6,1,0.0,0
1192,-78.25,53.36,-4.5,21.0,6,0.0,0
1193,-81.11,72.03,-34.3,6.5,0,0.0,0
1194,-117.28,70.57,2.7,13.5,0,0.0,0
1195,-74.01,49.33,-14.3,21.3,6,0.0,0
1196,-133.02,53.85,4.7,159.8,8,0.0,0
1197,-76.47,61.39,-18.1,3.1,0,0.0,0
1198,-98.52,53.9,5.3,35.1,0,0.0,1
1199,-116.33,62.11,6.4,1.0,1,0.0,1
1200,-102.18,48.59,14.2,12.3,1,0.0,0
1201,-68.12,47.21,18.1,113.0,15,0.0,1
1202,-135.21,64.21,-13.9,3.8,0,0.0,0
1203,-128.01,57.08,8.6,112.2,1,0.0,0
1204,-106.81,71.26,-8.7,11.6,0,0.0,0
1205,-122.42,50.73,18.8,10.2,7,0.0,1
1206,-79.93,42.82,6.4,128.3,14,0.0,0
1207,-112.56,52.05,5.6,7.0,1,0.0,1
1208,-77.4,70.8,-0.3,12.5,0,0.0,0
1209,-116.46,68.52,-21.8,6.4,0,0.0,0
1210,-100.52,53.54,-13.4,7.8,1,0.0,0
1211,-100.23,58.73,13.2,14.3,0,0.0,1
1212,-105.24,59.56,-21.3,2.4,0,0.0,0
1213,-111.8,59.0,15.7,27.8,1,0.0,1
1214,-132.93,64.67,0.3,4.4,0,0.0,0
1215,-61.16,53.54,-12.8,97.0,0,0.0,0
1216,-122.26,69.16,-22.1,10.7,0,0.0,0
1217,-119.77,56.8,10.9,21.6,1,0.0,1
1218,-70.29,49.95,4.2,59.2,0,0.0,0
1219,-121.71,54.29,13.0,35.2,1,0.0,1
1220,-77.46,52.56,12.5,31.2,0,0.0,0
1221,-89.91,54.42,14.8,15.5,0,0.0,1
1222,-94.13,64.63,4.9,57.6,0,0.0,0
1223,-125.34,68.57,-24.4,7.2,0,0.0,0
1224,-112.64,57.14,-14.7,10.7,0,0.0,0
1225,-93.57,53.79,8.7,76.0,6,0.0,0
1226,-83.41,52.28,18.7,64.6,0,0.0,1
1227,-90.26,55.17,6.6,66.5,0,0.0,0
1228,-89.72,48.96,11.5,55.0,1,0.0,1
1229,-76.09,45.45,-1.9,77.3,16,0.0,0
1230,-89.95,51.99,15.6,73.8,0,0.0,0
1231,-105.91,72.24,-29.6,5.6,0,0.0,0
1232,-59.88,54.4,3.4,58.8,0,0.0,0
1233,-114.95,57.81,15.6,44.4,1,0.0,1
1234,-65.4,54.44,-17.4,63.0,0,0.0,0
1235,-112.29,63.91,-5.4,37.6,0,0.0,0
1236,-119.01,48.85,16.5,1.2,7,0.0,1
1237,-100.37,56.38,-16.4,16.1,0,0.0,0
1238,-98.23,49.94,21.1,30.7,1,0.0,1
1239,-115.18,69.64,-4.0,19.2,0,0.0,0
1240,-111.51,72.16,-2.8,29.4,0,0.0,0
1241,-120.59,59.89,16.0,40.0,1,0.0,1
1242,-89.75,65.65,-13.8,7.3,0,0.0,0
1243,-96.6,58.76,-9.1,13.2,0,0.0,0
1244,-100.07,57.97,-14.9,7.1,0,0.0,0
1245,-105.56,66.34,11.8,93.5,0,0.0,0
1246,-81.32,49.5,-12.6,49.7,0,0.0,0
1247,-141.71,64.46,-4.0,26.0,1,0.0,0
1248,-103.3,53.13,-6.9,9.8,1,0.0,0
1249,-117.52,52.22,-2.3,139.5,1,0.0,0
1250,-69.47,48.0,-3.7,82.0,1,0.0,0
1251,-114.37,49.4,17.5,36.8,7,0.0,1
1252,-79.09,51.64,16.4,58.0,0,0.0,1
1253,-93.86,55.22,16.7,104.2,0,0.0,1
1254,-93.81,65.08,-27.7,16.1,0,0.0,0
1255,-56.61,53.67,-7.9,140.4,0,0.0,0
1256,-79.83,57.44,-5.4,38.5,0,0.0,0
1257,-117.18,55.35,-3.0,28.8,1,0.0,0
1258,-95.03,51.89,-20.3,23.7,1,0.0,0
1259,-84.8,46.35,3.7,99.2,8,0.0,0
1260,-124.73,56.8,8.7,55.2,1,0.0,0
1261,-68.54,68.38,-17.7,42.4,0,0.0,0
1262,-74.92,52.26,-10.1,56.0,1,0.0,0
1263,-71.0,57.53,8.1,13.3,0,0.0,0
1264,-120.54,56.55,-11.7,58.9,0,0.0,0
1265,-58.78,51.87,4.4,68.2,0,0.0,0
1266,-71.62,45.15,4.3,146.3,1,0.0,0
1267,-92.94,62.48,-25.0,25.9,0,0.0,0
1268,-91.32,52.36,-15.5,9.0,0,0.0,0
1269,-106.21,72.56,-24.0,9.0,0,0.0,0
1270,-123.73,62.58,10.1,19.0,1,0.0,1
1271,-106.05,63.96,-13.9,24.1,0,0.0,0
1272,-109.31,63.71,-19.3,21.3,0,0.0,0
1273,-60.17,53.61,-16.1,17.8,0,0.0,0
1274,-126.4,58.86,-12.0,32.4,0,0.0,0
1275,-92.85,52.01,15.8,42.8,0,0.0,1
1276,-104.08,67.16,-22.9,5.2,0,0.0,0
1277,-93.29,62.67,5.4,62.4,0,0.0,0
1278,-67.11,56.72,-6.7,66.0,0,0.0,0
1279,-96.17,57.68,-16.4,7.4,0,0.0,0
1280,-83.69,45.39,11.1,152.7,10,0.0,0
1281,-141.22,63.71,-20.0,0.0,1,0.0,0
1282,-75.15,57.67,12.9,66.5,1,0.0,0
1283,-116.86,62.63,12.7,34.2,0,0.0,1
1284,-76.7,65.33,-2.1,28.1,0,0.0,0
1285,-135.81,62.38,11.3,62.4,0,0.0,1
1286,-131.75,61.11,-16.5,22.1,1,0.0,0
1287,-92.82,49.9,-16.9,4.9,1,0.0,0
1288,-124.93,62.88,-14.2,21.8,0,0.0,0
1289,-141.95,64.59,-4.0,26.0,0,0.0,0
1290,-102.19,55.36,7.8,35.0,0,0.0,1
1291,-102.88,60.23,13.0,39.6,0,0.0,1
1292,-68.47,56.11,-17.9,12.2,0,0.0,0
1293,-102.21,53.13,-6.5,24.4,5,0.0,0
1294,-80.32,47.66,1.7,75.5,1,0.0,0
1295,-110.52,51.94,-5.3,7.4,1,0.0,0
1296,-93.54,67.5,-30.4,6.0,0,0.0,0
1297,-87.1,50.33,-2.3,29.4,0,0.0,0
1298,-118.54,64.98,9.8,25.2,0,0.0,0
1299,-114.42,56.98,13.8,0.0,1,0.0,1
1300,-78.67,44.43,16.2,85.6,9,0.0,1
1301,-116.28,66.21,-25.4,8.9,0,0.0,0
1302,-66.11,51.61,10.4,67.3,0,0.0,1
1303,-117.93,48.63,21.4,19.8,7,0.0,1
1304,-78.44,48.37,-10.7,69.6,6,0.0,0
1305,-71.4,53.82,4.2,7.2,0,0.0,0
1306,-74.89,45.4,-4.2,104.0,6,0.0,0
1307,-71.11,47.05,2.6,103.0,1,0.0,0
1308,-114.05,56.46,-6.0,14.8,1,0.0,0
1309,-129.04,64.92,17.1,43.1,0,0.0,0
1310,-118.76,54.92,1.0,13.8,1,0.0,1
1311,-92.51,55.44,16.0,90.5,0,0.0,1
1312,-120.89,53.14,-10.4,165.4,1,0.0,0
1313,-129.93,55.41,-3.4,181.8,1,0.0,0
1314,-85.77,70.39,-9.4,4.3,0,0.0,0
1315,-128.7,60.42,8.4,51.6,1,0.0,0
1316,-125.76,63.41,16.7,81.0,0,0.0,0
1317,-106.11,62.08,-14.5,2.6,0,0.0,0
1318,-105.26,49.14,19.5,104.5,1,0.0,0
1319,-74.49,51.64,14.0,109.2,0,0.0,0
1320,-101.43,69.84,-27.5,0.3,0,0.0,0
1321,-90.62,53.72,5.4,58.0,0,0.0,0
1322,-98.66,56.17,15.5,185.4,0,0.0,1
1323,-130.89,65.47,13.4,16.5,0,0.0,0
1324,-80.92,71.83,8.2,5.5,0,0.0,0
1325,-126.93,68.29,-2.7,41.8,0,0.0,0
1326,-98.21,65.82,13.1,12.6,0,0.0,0
1327,-71.88,55.94,12.9,66.5,0,0.0,0
1328,-91.34,51.35,-20.6,21.2,0,0.0,0
1329,-72.2,63.89,3.2,51.5,0,0.0,0
1330,-74.42,56.08,-21.0,18.4,0,0.0,0
1331,-71.98,68.69,-15.4,31.5,0,0.0,0
1332,-113.1,69.32,-21.1,9.3,0,0.0,0
1333,-97.37,58.67,15.9,83.6,1,0.0,1
1334,-116.89,73.99,-29.7,8.3,0,0.0,0
1335,-99.09,71.45,-22.8,2.8,0,0.0,0
1336,-127.51,61.7,-17.9,31.2,1,0.0,0
1337,-104.5,59.54,-15.2,23.0,0,0.0,0
1338,-110.48,53.25,14.6,89.2,1,0.0,1
1339,-111.9,69.93,13.3,20.3,0,0.0,0
1340,-87.81,53.94,13.7,27.4,0,0.0,1
1341,-138.56,61.13,-16.8,10.6,1,0.0,0
1342,-92.25,52.03,-15.5,9.0,0,0.0,0
1343,-122.73,51.47,13.1,189.7,1,0.0,1
1344,-141.7,65.42,-24.6,19.4,0,0.0,0
1345,-100.45,52.15,-12.0,33.0,0,0.0,0
1346,-103.76,70.67,-9.6,5.6,0,0.0,0
1347,-76.56,57.64,-12.1,0.6,0,0.0,0
1348,-128.41,53.85,-3.9,298.2,11,0.0,0
1349,-75.34,46.84,-6.0,76.4,9,0.0,0
1350,-126.45,69.2,-2.7,41.8,0,0.0,0
1351,-117.66,63.79,0.9,51.6,0,0.0,0
1352,-124.96,52.27,-6.4,28.4,1,0.0,0
1353,-119.12,61.04,-14.4,6.2,1,0.0,0
1354,-80.84,73.57,-26.6,1.0,0,0.0,0
1355,-95.85,60.92,-25.6,25.2,0,0.0,0
1356,-81.63,49.88,11.5,84.4,0,0.0,0
1357,-112.22,64.1,5.3,9.8,0,0.0,0
1358,-108.54,60.01,8.3,2.7,1,0.0,0
1359,-113.95,58.77,12.6,0.8,0,0.0,1
1360,-109.3,53.68,2.3,13.8,1,0.0,1
1361,-99.05,55.19,18.0,170.2,0,0.0,1
1362,-122.25,64.36,-1.6,30.4,0,0.0,0
1363,-62.27,45.05,-1.6,65.0,1,0.0,0
1364,-119.52,58.57,-12.0,12.6,1,0.0,0
1365,-71.62,51.52,-5.8,25.0,0,0.0,0
1366,-102.73,55.86,-8.2,18.8,1,0.0,0
1367,-113.86,49.13,12.2,93.2,1,0.0,0
1368,-97.02,49.62,5.5,59.0,1,0.0,1
1369,-93.14,66.46,-10.2,4.2,0,0.0,0
1370,-80.69,44.44,-9.6,147.1,9,0.0,0
1371,-105.66,57.86,1.9,11.3,1,0.0,1
1372,-127.2,53.67,12.7,435.7,1,0.0,1
1373,-75.28,72.22,7.5,19.7,0,0.0,0
1374,-70.25,50.27,-2.4,73.0,0,0.0,0
1375,-120.37,53.29,13.1,107.6,1,0.0,0
1376,-99.07,56.7,15.5,185.4,1,0.0,1
1377,-73.6,51.79,14.6,59.5,0,0.0,1
1378,-110.15,53.44,15.8,41.6,1,0.0,1
1379,-97.15,57.5,15.5,185.4,0,0.0,1
1380,-68.28,57.82,-15.5,15.6,0,0.0,0
1381,-64.17,51.22,-1.2,136.5,0,0.0,0
1382,-102.04,58.5,-14.8,1.9,0,0.0,0
1383,-106.79,69.66,-28.9,7.4,0,0.0,0
1384,-65.03,51.89,-12.2,70.6,0,0.0,0
1385,-84.82,70.68,-23.3,4.8,0,0.0,0
1386,-134.95,61.23,11.0,60.9,0,0.0,1
1387,-81.99,47.85,-11.3,54.4,1,0.0,0
1388,-80.02,48.39,-16.9,25.2,0,0.0,0
1389,-100.14,63.92,-15.7,3.6,0,0.0,0
1390,-99.06,58.35,-18.4,0.0,0,0.0,0
1391,-115.01,57.34,13.8,0.0,0,0.0,1
1392,-92.05,53.06,-15.2,18.5,0,0.0,0
1393,-123.13,55.23,-4.6,24.3,1,0.0,0
1394,-115.9,64.9,0.9,51.6,0,0.0,0
1395,-65.21,55.9,-18.7,36.5,0,0.0,0
1396,-81.23,48.01,7.6,88.1,0,0.0,0
1397,-116.91,55.83,-8.8,13.2,1,0.0,0
1398,-127.74,53.24,7.7,259.3,11,0.0,0
1399,-127.69,67.49,12.4,107.6,0,0.0,0
1400,-101.01,50.68,-19.3,41.5,1,0.0,0
1401,-104.18,51.26,19.6,36.0,1,0.0,1
1402,-61.54,54.66,-12.3,52.8,0,0.0,0
1403,-70.45,54.24,12.2,37.2,6,0.0,0
1404,-95.18,67.68,-10.3,19.2,0,0.0,0
1405,-69.54,50.0,-2.4,73.0,0,0.0,0
1406,-131.27,66.92,-20.5,1.0,0,0.0,0
1407,-65.64,53.42,-5.5,80.5,0,0.0,0
1408,-61.44,50.36,-1.4,87.1,1,0.0,0
1409,-67.78,56.16,-17.7,26.0,0,0.0,0
1410,-119.22,60.06,-14.3,1.0,0,0.0,0
1411,-95.37,55.81,-16.7,11.0,0,0.0,0
1412,-119.82,51.77,14.4,29.8,1,0.0,1
1413,-131.2,57.91,-11.2,37.9,1,0.0,0
1414,-123.82,48.74,16.7,12.3,7,0.0,1
1415,-107.73,50.26,18.2,75.8,1,0.0,1
1416,-110.53,61.57,5.1,1.8,0,0.0,0
1417,-82.27,48.48,18.5,53.0,0,0.0,0
1418,-110.21,50.15,-3.0,19.7,1,0.0,0
1419,-111.43,63.75,5.1,1.8,0,0.0,0
1420,-118.72,61.71,-14.4,6.2,5,0.0,0
1421,-74.81,50.22,11.5,84.4,0,0.0,0
1422,-85.27,53.96,10.6,29.5,0,0.0,0
1423,-106.85,71.38,-25.2,4.2,0,0.0,0
1424,-91.87,48.24,-18.0,27.3,1,0.0,0
1425,-71.56,55.1,-5.9,47.9,0,0.0,0
1426,-126.37,62.87,-17.9,31.2,1,0.0,0
1427,-101.02,51.52,-11.6,17.6,1,0.0,0
1428,-136.46,61.26,-8.0,13.6,0,0.0,0
1429,-73.42,48.34,16.9,59.0,0,0.0,1
1430,-122.01,63.43,-14.5,1.0,0,0.0,0
1431,-108.41,68.29,-8.7,11.6,0,0.0,0
1432,-128.79,59.23,-0.4,0.0,1,0.0,0
1433,-103.69,60.53,13.0,39.6,0,0.0,1
1434,-120.69,55.18,-3.4,13.0,1,0.0,1
1435,-125.36,68.06,-23.7,49.9,0,0.0,0
1436,-88.75,52.72,16.2,57.5,0,0.0,1
1437,-132.31,56.53,3.7,141.9,11,0.0,0
1438,-110.18,63.46,16.0,43.0,0,0.0,0
1439,-96.98,68.93,10.2,14.1,0,0.0,0
1440,-76.07,58.03,6.6,23.8,0,0.0,0
1441,-87.16,51.87,18.2,118.6,0,0.0,1
1442,-91.26,52.3,7.8,66.5,0,0.0,0
1443,-122.52,56.51,-0.2,76.6,1,0.0,0
1444,-141.69,62.68,-22.4,2.6,0,0.0,0
1445,-121.85,62.8,10.4,56.4,0,0.0,1
1446,-103.86,70.05,-27.0,4.2,0,0.0,0
1447,-126.61,52.47,6.3,52.0,1,0.0,0
1448,-87.9,51.72,-4.0,27.3,0,0.0,0
1449,-74.77,45.21,-0.9,34.0,9,0.0,0
1450,-119.16,61.96,1.6,10.8,0,0.0,0
1451,-93.39,56.07,13.4,30.0,0,0.0,1
1452,-108.99,55.25,17.4,76.4,0,0.0,1
1453,-129.85,56.73,6.0,47.4,11,0.0,0
1454,-117.08,65.47,15.1,77.0,0,0.0,0
1455,-105.88,58.65,6.8,2.8,1,0.0,1
1456,-106.71,71.55,0.5,44.4,0,0.0,0
1457,-112.74,54.51,14.7,18.6,1,0.0,1
1458,-85.08,53.39,10.3,40.3,0,0.0,0
1459,-138.07,59.63,0.2,2.2,11,0.0,0
1460,-127.32,53.15,7.7,259.3,11,0.0,0
1461,-95.52,60.38,11.2,51.4,0,0.0,1
1462,-113.28,65.6,3.7,79.4,0,0.0,0
1463,-132.26,60.65,-13.0,48.2,1,0.0,0
1464,-70.27,67.69,-2.4,0.7,0,0.0,0
1465,-76.76,70.51,-9.1,7.7,0,0.0,0
1466,-108.4,59.02,14.5,77.4,1,0.0,1
1467,-101.88,51.75,7.0,33.0,1,0.0,0
1468,-70.63,56.36,0.5,48.9,0,0.0,0
1469,-127.67,54.22,7.7,259.3,1,0.0,0
1470,-125.96,50.96,9.2,141.2,8,0.0,0
1471,-102.87,61.15,15.2,22.6,0,0.0,1
1472,-83.79,48.29,12.3,73.2,0,0.0,0
1473,-98.78,50.42,-14.5,10.4,1,0.0,0
1474,-75.84,67.56,-15.5,28.2,0,0.0,0
1475,-121.71,71.78,-24.6,26.1,0,0.0,0
1476,-140.16,66.24,-26.8,9.7,0,0.0,0
1477,-75.08,50.44,8.6,71.2,0,0.0,0
1478,-97.12,59.11,-19.6,7.4,0,0.0,0
1479,-89.41,67.16,-5.4,26.2,0,0.0,0
1480,-93.74,57.14,-5.0,15.4,0,0.0,0
1481,-109.52,69.16,-28.4,5.6,0,0.0,0
1482,-75.29,69.28,-22.6,4.4,0,0.0,0
1483,-99.6,55.63,16.1,42.4,0,0.0,1
1484,-100.81,48.94,16.9,118.2,1,0.0,0
1485,-116.02,56.49,12.5,80.6,5,0.0,1
1486,-103.39,57.99,15.0,83.6,0,0.0,1
1487,-103.96,58.44,-4.3,13.5,0,0.0,0
1488,-97.69,54.82,14.9,22.3,0,0.0,1
1489,-68.4,57.02,13.0,57.8,0,0.0,0
1490,-101.19,65.26,10.0,29.6,0,0.0,0
1491,-62.26,53.88,3.2,93.5,0,0.0,0
1492,-126.23,65.67,7.0,26.5,0,0.0,0
1493,-96.58,62.58,11.0,24.8,0,0.0,0
1494,-60.28,52.87,-9.3,92.2,0,0.0,0
1495,-106.8,50.92,7.4,16.7,1,0.0,0
1496,-117.26,68.43,12.4,20.0,0,0.0,0
1497,-123.81,58.28,-14.9,17.2,1,0.0,0
1498,-73.34,51.5,-14.3,21.3,0,0.0,0
1499,-95.08,60.31,-6.0,29.0,0,0.0,0
1500,-71.44,51.87,14.3,79.5,6,0.0,0
1501,-132.0,59.18,7.8,18.8,0,0.0,0
1502,-105.7,62.8,5.9,39.3,0,0.0,0
1503,-70.09,58.44,1.5,51.6,0,0.0,0
1504,-82.35,67.28,-26.3,4.4,0,0.0,0
1505,-114.43,55.4,-5.4,8.9,1,0.0,0
1506,-96.51,63.98,11.0,24.8,0,0.0,0
1507,-119.19,58.55,14.4,44.0,0,0.0,1
1508,-109.33,62.38,16.6,31.1,0,0.0,1
1509,-126.13,60.8,16.4,41.0,1,0.0,1
1510,-97.54,65.05,-4.5,35.2,0,0.0,0
1511,-80.34,42.55,12.0,125.2,7,0.0,1
1512,-136.89,65.54,6.2,0.0,0,0.0,1
1513,-70.72,45.98,-10.4,97.0,1,0.0,0
1514,-70.4,50.9,10.0,51.8,0,0.0,0
1515,-98.57,62.84,-26.2,12.0,0,0.0,0
1516,-121.61,53.97,-1.9,96.4,1,0.0,0
1517,-99.91,56.23,13.2,68.9,1,0.0,1
1518,-75.56,56.54,14.0,101.8,0,0.0,0
1519,-108.65,61.1,14.5,77.4,0,0.0,0
1520,-73.65,64.16,-19.9,9.0,0,0.0,0
1521,-70.46,50.73,-20.0,8.6,0,0.0,0
1522,-93.07,49.65,-1.4,12.4,1,0.0,0
1523,-127.6,60.14,11.8,66.6,1,0.0,0
